"ID","ISDELETED","NAME","CURRENCYISOCODE","CREATEDDATE","CREATEDBYID","LASTMODIFIEDDATE","LASTMODIFIEDBYID","SYSTEMMODSTAMP","APTTUS_CONFIG2__CONSTRAINTRULEID__C","APTTUS_CONFIG2__ACTIONCRITERIA__C","APTTUS_CONFIG2__ACTIONDISPOSITION__C","APTTUS_CONFIG2__ACTIONINTENT__C","APTTUS_CONFIG2__ACTIONTYPE__C","APTTUS_CONFIG2__AUTOEXCLUDE__C","APTTUS_CONFIG2__AUTOINCLUDE__C","APTTUS_CONFIG2__EDITCRITERIA__C","APTTUS_CONFIG2__INCLUDEMATCHRULE__C","APTTUS_CONFIG2__INCLUDEMAXPRODUCTS__C","APTTUS_CONFIG2__INCLUDEMINPRODUCTS__C","APTTUS_CONFIG2__MATCHINASSET__C","APTTUS_CONFIG2__MATCHINCARTOPTIONS__C","APTTUS_CONFIG2__MATCHINOPTIONS__C","APTTUS_CONFIG2__MATCHINPRIMARYLINES__C","APTTUS_CONFIG2__MESSAGE__C","APTTUS_CONFIG2__PRODUCTCATEGORY__C","APTTUS_CONFIG2__PRODUCTFAMILY__C","APTTUS_CONFIG2__PRODUCTGROUPID__C","APTTUS_CONFIG2__PRODUCTID__C","APTTUS_CONFIG2__PRODUCTSCOPE__C","APTTUS_CONFIG2__REPEATINCLUSION__C","APTTUS_CONFIG2__SEQUENCE__C"
"a0x7E000000MeMAQA0","false","add TSS-LHR","CHF","2018-02-07T00:45:13.000Z","0057E000004AesfQAC","2018-02-07T00:45:13.000Z","0057E000004AesfQAC","2018-02-07T00:45:13.000Z","a0z7E000019W6AqQAK","","Warning","Auto Include","Inclusion","false","false","<a href=""/apex/Apttus_Config2__ConstraintRuleActionCriteriaEdit?id=a0x7E000000MeMA"" target=""_self""><img src=""/resource/Apttus_Config2__Button_EditCriteria"" alt=""Edit Criteria"" border=""0""/></a>","","","","false","false","true","false","","","","","01t7E000005Y1jkQAC","Product","false","1.0"
"a0x7E000000MeMBQA0","false","add FTEFX product","CHF","2018-02-07T00:45:13.000Z","0057E000004AesfQAC","2018-02-07T00:45:13.000Z","0057E000004AesfQAC","2018-02-07T00:45:13.000Z","a0z7E000019W6ArQAK","","Warning","Auto Include","Inclusion","false","false","<a href=""/apex/Apttus_Config2__ConstraintRuleActionCriteriaEdit?id=a0x7E000000MeMB"" target=""_self""><img src=""/resource/Apttus_Config2__Button_EditCriteria"" alt=""Edit Criteria"" border=""0""/></a>","","","","false","false","true","false","","","","","01t7E000005Y1kIQAS","Product","false","1.0"
"a0x7E000000MeMCQA0","false","add FTEFX product","CHF","2018-02-07T00:45:13.000Z","0057E000004AesfQAC","2018-02-07T00:45:13.000Z","0057E000004AesfQAC","2018-02-07T00:45:13.000Z","a0z7E000019W6AtQAK","","Warning","Auto Include","Inclusion","false","false","<a href=""/apex/Apttus_Config2__ConstraintRuleActionCriteriaEdit?id=a0x7E000000MeMC"" target=""_self""><img src=""/resource/Apttus_Config2__Button_EditCriteria"" alt=""Edit Criteria"" border=""0""/></a>","","","","false","false","true","false","","","","","01t7E000005Y1kIQAS","Product","false","1.0"
"a0x7E000000MeMDQA0","false","add TSS","CHF","2018-02-07T00:45:13.000Z","0057E000004AesfQAC","2018-02-07T00:45:13.000Z","0057E000004AesfQAC","2018-02-07T00:45:13.000Z","a0z7E000019W6AuQAK","","Warning","Auto Include","Inclusion","false","false","<a href=""/apex/Apttus_Config2__ConstraintRuleActionCriteriaEdit?id=a0x7E000000MeMD"" target=""_self""><img src=""/resource/Apttus_Config2__Button_EditCriteria"" alt=""Edit Criteria"" border=""0""/></a>","","","","false","false","true","true","","","","","01t7E000005Y1jaQAC","Product","false","1.0"
"a0x7E000000MeMEQA0","false","add Course Literature English","CHF","2018-02-07T00:45:13.000Z","0057E000004AesfQAC","2018-02-07T00:45:13.000Z","0057E000004AesfQAC","2018-02-07T00:45:13.000Z","a0z7E000019W6BXQA0","","Warning","Auto Include","Inclusion","false","false","<a href=""/apex/Apttus_Config2__ConstraintRuleActionCriteriaEdit?id=a0x7E000000MeME"" target=""_self""><img src=""/resource/Apttus_Config2__Button_EditCriteria"" alt=""Edit Criteria"" border=""0""/></a>","","","","false","false","true","true","","","","","01t7E000005Y1ivQAC","Product","false","1.0"
"a0x7E000000MeMFQA0","false","include TSSR-BNE","CHF","2018-02-07T00:45:13.000Z","0057E000004AesfQAC","2018-02-07T00:45:13.000Z","0057E000004AesfQAC","2018-02-07T00:45:13.000Z","a0z7E000019W6AxQAK","","Warning","Auto Include","Inclusion","false","false","<a href=""/apex/Apttus_Config2__ConstraintRuleActionCriteriaEdit?id=a0x7E000000MeMF"" target=""_self""><img src=""/resource/Apttus_Config2__Button_EditCriteria"" alt=""Edit Criteria"" border=""0""/></a>","","","","false","false","true","true","","","","","01t7E000005Y1nXQAS","Product","false","1.0"
"a0x7E000000MeMGQA0","false","Include Course Literature -English","CHF","2018-02-07T00:45:13.000Z","0057E000004AesfQAC","2018-02-07T00:45:13.000Z","0057E000004AesfQAC","2018-02-07T00:45:13.000Z","a0z7E000019W6AzQAK","","Warning","Auto Include","Inclusion","false","false","<a href=""/apex/Apttus_Config2__ConstraintRuleActionCriteriaEdit?id=a0x7E000000MeMG"" target=""_self""><img src=""/resource/Apttus_Config2__Button_EditCriteria"" alt=""Edit Criteria"" border=""0""/></a>","Include Any","","","false","false","true","true","","","","","01t7E000005Y1ivQAC","Product","false","1.0"
"a0x7E000000MeMHQA0","false","Include Travel Insurance","CHF","2018-02-07T00:45:13.000Z","0057E000004AesfQAC","2018-02-07T00:45:13.000Z","0057E000004AesfQAC","2018-02-07T00:45:13.000Z","a0z7E000019W6AyQAK","","Warning","Auto Include","Inclusion","false","false","<a href=""/apex/Apttus_Config2__ConstraintRuleActionCriteriaEdit?id=a0x7E000000MeMH"" target=""_self""><img src=""/resource/Apttus_Config2__Button_EditCriteria"" alt=""Edit Criteria"" border=""0""/></a>","Include Any","","","false","false","true","true","","","","","01t7E000005Y1pFQAS","Product","false","1.0"
"a0x7E000000MeMIQA0","false","Include Cancellation Protection","CHF","2018-02-07T00:45:13.000Z","0057E000004AesfQAC","2018-02-07T00:45:13.000Z","0057E000004AesfQAC","2018-02-07T00:45:13.000Z","a0z7E000019W6B1QAK","","Warning","Auto Include","Inclusion","false","false","<a href=""/apex/Apttus_Config2__ConstraintRuleActionCriteriaEdit?id=a0x7E000000MeMI"" target=""_self""><img src=""/resource/Apttus_Config2__Button_EditCriteria"" alt=""Edit Criteria"" border=""0""/></a>","Include Any","","","false","false","true","true","","","","","01t7E000005Y1hmQAC","Product","false",""
"a0x7E000000MeMJQA0","false","add LU7","CHF","2018-02-07T00:45:13.000Z","0057E000004AesfQAC","2018-02-07T00:45:13.000Z","0057E000004AesfQAC","2018-02-07T00:45:13.000Z","a0z7E000019W6B3QAK","","Warning","Auto Include","Inclusion","false","false","<a href=""/apex/Apttus_Config2__ConstraintRuleActionCriteriaEdit?id=a0x7E000000MeMJ"" target=""_self""><img src=""/resource/Apttus_Config2__Button_EditCriteria"" alt=""Edit Criteria"" border=""0""/></a>","","","","false","false","true","true","","","","","01t7E000005Y1XiQAK","Product","false","1.0"
"a0x7E000000MeMKQA0","false","add LU5","CHF","2018-02-07T00:45:13.000Z","0057E000004AesfQAC","2018-02-07T00:45:13.000Z","0057E000004AesfQAC","2018-02-07T00:45:13.000Z","a0z7E000019W6B4QAK","","Warning","Auto Include","Inclusion","false","false","<a href=""/apex/Apttus_Config2__ConstraintRuleActionCriteriaEdit?id=a0x7E000000MeMK"" target=""_self""><img src=""/resource/Apttus_Config2__Button_EditCriteria"" alt=""Edit Criteria"" border=""0""/></a>","","","","false","false","true","true","","","","","01t7E000005Y1XhQAK","Product","false","1.0"
"a0x7E000000MeMLQA0","false","add Bus Pass","CHF","2018-02-07T00:45:13.000Z","0057E000004AesfQAC","2018-02-07T00:45:13.000Z","0057E000004AesfQAC","2018-02-07T00:45:13.000Z","a0z7E000019W6B5QAK","","Warning","Auto Include","Inclusion","false","false","<a href=""/apex/Apttus_Config2__ConstraintRuleActionCriteriaEdit?id=a0x7E000000MeML"" target=""_self""><img src=""/resource/Apttus_Config2__Button_EditCriteria"" alt=""Edit Criteria"" border=""0""/></a>","","","","false","false","true","false","","","","","01t7E000005Y1hjQAC","Product","false","1.0"
"a0x7E000000MeMMQA0","false","Include Course Literature (Business English)","CHF","2018-02-07T00:45:13.000Z","0057E000004AesfQAC","2018-02-07T00:45:13.000Z","0057E000004AesfQAC","2018-02-07T00:45:13.000Z","a0z7E000019W6B6QAK","","Warning","Auto Include","Inclusion","false","false","<a href=""/apex/Apttus_Config2__ConstraintRuleActionCriteriaEdit?id=a0x7E000000MeMM"" target=""_self""><img src=""/resource/Apttus_Config2__Button_EditCriteria"" alt=""Edit Criteria"" border=""0""/></a>","Include Any","","","false","false","true","true","","","","","01t7E000005Y1iuQAC","Product","false",""
"a0x7E000000MeMNQA0","false","add TSS as an optional item","CHF","2018-02-07T00:45:13.000Z","0057E000004AesfQAC","2018-02-07T00:45:13.000Z","0057E000004AesfQAC","2018-02-07T00:45:13.000Z","a0z7E000019W6BGQA0","","Warning","Auto Include","Inclusion","false","false","<a href=""/apex/Apttus_Config2__ConstraintRuleActionCriteriaEdit?id=a0x7E000000MeMN"" target=""_self""><img src=""/resource/Apttus_Config2__Button_EditCriteria"" alt=""Edit Criteria"" border=""0""/></a>","Include All","","","false","false","true","false","","","","","01t7E000005Y1jaQAC","Product","false","1.0"
"a0x7E000000MeMOQA0","false","include TSSR","CHF","2018-02-07T00:45:13.000Z","0057E000004AesfQAC","2018-02-07T00:45:13.000Z","0057E000004AesfQAC","2018-02-07T00:45:13.000Z","a0z7E000019W6B9QAK","","Warning","Auto Include","Inclusion","false","false","<a href=""/apex/Apttus_Config2__ConstraintRuleActionCriteriaEdit?id=a0x7E000000MeMO"" target=""_self""><img src=""/resource/Apttus_Config2__Button_EditCriteria"" alt=""Edit Criteria"" border=""0""/></a>","","","","false","false","true","false","","","","","01t7E000005Y1nWQAS","Product","false","1.0"
"a0x7E000000MeMPQA0","false","add TSS-BRS as an optional item","CHF","2018-02-07T00:45:13.000Z","0057E000004AesfQAC","2018-02-07T00:45:13.000Z","0057E000004AesfQAC","2018-02-07T00:45:13.000Z","a0z7E000019W6BBQA0","","Warning","Auto Include","Inclusion","false","false","<a href=""/apex/Apttus_Config2__ConstraintRuleActionCriteriaEdit?id=a0x7E000000MeMP"" target=""_self""><img src=""/resource/Apttus_Config2__Button_EditCriteria"" alt=""Edit Criteria"" border=""0""/></a>","","","","false","false","true","false","","","","","01t7E000005Y1jbQAC","Product","false","1.0"
"a0x7E000000MeMQQA0","false","add TSS-CDG as an optional item","CHF","2018-02-07T00:45:13.000Z","0057E000004AesfQAC","2018-02-07T00:45:13.000Z","0057E000004AesfQAC","2018-02-07T00:45:13.000Z","a0z7E000019W6BHQA0","","Warning","Auto Include","Inclusion","false","false","<a href=""/apex/Apttus_Config2__ConstraintRuleActionCriteriaEdit?id=a0x7E000000MeMQ"" target=""_self""><img src=""/resource/Apttus_Config2__Button_EditCriteria"" alt=""Edit Criteria"" border=""0""/></a>","","","","false","false","true","false","","","","","01t7E000005Y1jfQAC","Product","false","1.0"
"a0x7E000000MeMRQA0","false","add TSS-SAN as an optional item","CHF","2018-02-07T00:45:13.000Z","0057E000004AesfQAC","2018-02-07T00:45:13.000Z","0057E000004AesfQAC","2018-02-07T00:45:13.000Z","a0z7E000019W6B8QAK","","Warning","Auto Include","Inclusion","false","false","<a href=""/apex/Apttus_Config2__ConstraintRuleActionCriteriaEdit?id=a0x7E000000MeMR"" target=""_self""><img src=""/resource/Apttus_Config2__Button_EditCriteria"" alt=""Edit Criteria"" border=""0""/></a>","","","","false","false","true","false","","","","","01t7E000005Y1kiQAC","Product","false","1.0"
"a0x7E000000MeMSQA0","false","add TSS-SBA as an optional item","CHF","2018-02-07T00:45:13.000Z","0057E000004AesfQAC","2018-02-07T00:45:13.000Z","0057E000004AesfQAC","2018-02-07T00:45:13.000Z","a0z7E000019W6BAQA0","","Warning","Auto Include","Inclusion","false","false","<a href=""/apex/Apttus_Config2__ConstraintRuleActionCriteriaEdit?id=a0x7E000000MeMS"" target=""_self""><img src=""/resource/Apttus_Config2__Button_EditCriteria"" alt=""Edit Criteria"" border=""0""/></a>","","","","false","false","true","false","","","","","01t7E000005Y1kjQAC","Product","false","1.0"
"a0x7E000000MeMTQA0","false","include TSSR-SAN","CHF","2018-02-07T00:45:13.000Z","0057E000004AesfQAC","2018-02-07T00:45:13.000Z","0057E000004AesfQAC","2018-02-07T00:45:13.000Z","a0z7E000019W6B7QAK","","Warning","Auto Include","Inclusion","false","false","<a href=""/apex/Apttus_Config2__ConstraintRuleActionCriteriaEdit?id=a0x7E000000MeMT"" target=""_self""><img src=""/resource/Apttus_Config2__Button_EditCriteria"" alt=""Edit Criteria"" border=""0""/></a>","","","","false","false","true","false","","","","","01t7E000005Y1q9QAC","Product","false","1.0"
"a0x7E000000MeMUQA0","false","add TSS-MIA","CHF","2018-02-07T00:45:13.000Z","0057E000004AesfQAC","2018-02-07T00:45:13.000Z","0057E000004AesfQAC","2018-02-07T00:45:13.000Z","a0z7E000019W6BDQA0","","Warning","Auto Include","Inclusion","false","false","<a href=""/apex/Apttus_Config2__ConstraintRuleActionCriteriaEdit?id=a0x7E000000MeMU"" target=""_self""><img src=""/resource/Apttus_Config2__Button_EditCriteria"" alt=""Edit Criteria"" border=""0""/></a>","","","","false","false","true","false","","","","","01t7E000005Y1jnQAC","Product","false","1.0"
"a0x7E000000MeMVQA0","false","include TSSR-LHR","CHF","2018-02-07T00:45:13.000Z","0057E000004AesfQAC","2018-02-07T00:45:13.000Z","0057E000004AesfQAC","2018-02-07T00:45:13.000Z","a0z7E000019W6BEQA0","","Warning","Auto Include","Inclusion","false","false","<a href=""/apex/Apttus_Config2__ConstraintRuleActionCriteriaEdit?id=a0x7E000000MeMV"" target=""_self""><img src=""/resource/Apttus_Config2__Button_EditCriteria"" alt=""Edit Criteria"" border=""0""/></a>","","","","false","false","true","false","","","","","01t7E000005Y1q2QAC","Product","false","1.0"
"a0x7E000000MeMWQA0","false","add TSS-SFO as an optional item","CHF","2018-02-07T00:45:13.000Z","0057E000004AesfQAC","2018-02-07T00:45:13.000Z","0057E000004AesfQAC","2018-02-07T00:45:13.000Z","a0z7E000019W6BFQA0","","Warning","Auto Include","Inclusion","false","false","<a href=""/apex/Apttus_Config2__ConstraintRuleActionCriteriaEdit?id=a0x7E000000MeMW"" target=""_self""><img src=""/resource/Apttus_Config2__Button_EditCriteria"" alt=""Edit Criteria"" border=""0""/></a>","","","","false","false","true","false","","","","","01t7E000005Y1kkQAC","Product","false","1.0"
"a0x7E000000MeMXQA0","false","include TSSR-LAX","CHF","2018-02-07T00:45:13.000Z","0057E000004AesfQAC","2018-02-07T00:45:13.000Z","0057E000004AesfQAC","2018-02-07T00:45:13.000Z","a0z7E000019W6BCQA0","","Warning","Auto Include","Inclusion","false","false","<a href=""/apex/Apttus_Config2__ConstraintRuleActionCriteriaEdit?id=a0x7E000000MeMX"" target=""_self""><img src=""/resource/Apttus_Config2__Button_EditCriteria"" alt=""Edit Criteria"" border=""0""/></a>","","","","false","false","true","false","","","","","01t7E000005Y1pzQAC","Product","false",""
"a0x7E000000MeMYQA0","false","add TSS-SJO as an optional item","CHF","2018-02-07T00:45:13.000Z","0057E000004AesfQAC","2018-02-07T00:45:13.000Z","0057E000004AesfQAC","2018-02-07T00:45:13.000Z","a0z7E000019W6BIQA0","","Warning","Auto Include","Inclusion","false","false","<a href=""/apex/Apttus_Config2__ConstraintRuleActionCriteriaEdit?id=a0x7E000000MeMY"" target=""_self""><img src=""/resource/Apttus_Config2__Button_EditCriteria"" alt=""Edit Criteria"" border=""0""/></a>","","","","false","false","true","false","","","","","01t7E000005Y1kmQAC","Product","false","1.0"
"a0x7E000000MeMZQA0","false","add LU product","CHF","2018-02-07T00:45:13.000Z","0057E000004AesfQAC","2018-02-07T00:45:13.000Z","0057E000004AesfQAC","2018-02-07T00:45:13.000Z","a0z7E000019W6AsQAK","","Warning","Auto Include","Inclusion","false","false","<a href=""/apex/Apttus_Config2__ConstraintRuleActionCriteriaEdit?id=a0x7E000000MeMZ"" target=""_self""><img src=""/resource/Apttus_Config2__Button_EditCriteria"" alt=""Edit Criteria"" border=""0""/></a>","","","","false","false","true","true","","","","","01t7E000005Y1XgQAK","Product","false","1.0"
"a0x7E000000MeMaQAK","false","exclude COLAY","CHF","2018-02-07T00:45:13.000Z","0057E000004AesfQAC","2018-02-07T00:45:13.000Z","0057E000004AesfQAC","2018-02-07T00:45:13.000Z","a0z7E000019W6BfQAK","","Warning","Prompt","Exclusion","false","false","<a href=""/apex/Apttus_Config2__ConstraintRuleActionCriteriaEdit?id=a0x7E000000MeMa"" target=""_self""><img src=""/resource/Apttus_Config2__Button_EditCriteria"" alt=""Edit Criteria"" border=""0""/></a>","Exclude All","","","false","false","true","true","","","","","01t7E000005Y1piQAC","Product","false","1.0"
"a0x7E000000MeMbQAK","false","include COL","CHF","2018-02-07T00:45:13.000Z","0057E000004AesfQAC","2018-02-07T00:45:13.000Z","0057E000004AesfQAC","2018-02-07T00:45:13.000Z","a0z7E000019W6BdQAK","","Warning","Auto Include","Inclusion","false","false","<a href=""/apex/Apttus_Config2__ConstraintRuleActionCriteriaEdit?id=a0x7E000000MeMb"" target=""_self""><img src=""/resource/Apttus_Config2__Button_EditCriteria"" alt=""Edit Criteria"" border=""0""/></a>","Include Any","","","false","false","true","true","","","","","01t7E000005Y1ivQAC","Product","false","1.0"
"a0x7E000000MeMcQAK","false","then add Travel Insurance TIT","CHF","2018-02-07T00:45:13.000Z","0057E000004AesfQAC","2018-02-07T00:45:13.000Z","0057E000004AesfQAC","2018-02-07T00:45:13.000Z","a0z7E000019W6BYQA0","","Warning","Auto Include","Inclusion","false","false","<a href=""/apex/Apttus_Config2__ConstraintRuleActionCriteriaEdit?id=a0x7E000000MeMc"" target=""_self""><img src=""/resource/Apttus_Config2__Button_EditCriteria"" alt=""Edit Criteria"" border=""0""/></a>","Include Any","","","false","false","true","false","Travel Insurance shall be part of the Quote","","","","01t7E000005Y1tiQAC","Product","false","1.0"
"a0x7E000000MeMdQAK","false","include TIAY","CHF","2018-02-07T00:45:13.000Z","0057E000004AesfQAC","2018-02-07T00:45:13.000Z","0057E000004AesfQAC","2018-02-07T00:45:13.000Z","a0z7E000019W6BcQAK","","Warning","Auto Include","Inclusion","false","false","<a href=""/apex/Apttus_Config2__ConstraintRuleActionCriteriaEdit?id=a0x7E000000MeMd"" target=""_self""><img src=""/resource/Apttus_Config2__Button_EditCriteria"" alt=""Edit Criteria"" border=""0""/></a>","Include Any","","","false","false","true","true","","","","","01t7E000005Y1XOQA0","Product","false","1.0"
"a0x7E000000MeMeQAK","false","then add CI","CHF","2018-02-07T00:45:13.000Z","0057E000004AesfQAC","2018-02-07T00:45:13.000Z","0057E000004AesfQAC","2018-02-07T00:45:13.000Z","a0z7E000019W6BZQA0","","Warning","Auto Include","Inclusion","false","false","<a href=""/apex/Apttus_Config2__ConstraintRuleActionCriteriaEdit?id=a0x7E000000MeMe"" target=""_self""><img src=""/resource/Apttus_Config2__Button_EditCriteria"" alt=""Edit Criteria"" border=""0""/></a>","Include Any","","","false","false","true","false","","","","","01t7E000005Y1hmQAC","Product","false","3.0"
"a0x7E000000MeMfQAK","false","then add EF article","CHF","2018-02-07T00:45:13.000Z","0057E000004AesfQAC","2018-02-07T00:45:13.000Z","0057E000004AesfQAC","2018-02-07T00:45:13.000Z","a0z7E000019W6AmQAK","","Warning","Auto Include","Inclusion","false","false","<a href=""/apex/Apttus_Config2__ConstraintRuleActionCriteriaEdit?id=a0x7E000000MeMf"" target=""_self""><img src=""/resource/Apttus_Config2__Button_EditCriteria"" alt=""Edit Criteria"" border=""0""/></a>","Include Any","","","false","false","true","false","","","","","01t7E000005Y1gpQAC","Product","false","1.0"
"a0x7E000000MeMgQAK","false","include COLAY","CHF","2018-02-07T00:45:13.000Z","0057E000004AesfQAC","2018-02-07T00:45:13.000Z","0057E000004AesfQAC","2018-02-07T00:45:13.000Z","a0z7E000019W6BbQAK","","Warning","Auto Include","Inclusion","false","false","<a href=""/apex/Apttus_Config2__ConstraintRuleActionCriteriaEdit?id=a0x7E000000MeMg"" target=""_self""><img src=""/resource/Apttus_Config2__Button_EditCriteria"" alt=""Edit Criteria"" border=""0""/></a>","Include Any","","","false","false","true","true","","","","","01t7E000005Y1piQAC","Product","false","1.0"
"a0x7E000000MeMhQAK","false","include COLNAY","CHF","2018-02-07T00:45:13.000Z","0057E000004AesfQAC","2018-02-07T00:45:13.000Z","0057E000004AesfQAC","2018-02-07T00:45:13.000Z","a0z7E000019W6BaQAK","","Warning","Auto Include","Inclusion","false","false","<a href=""/apex/Apttus_Config2__ConstraintRuleActionCriteriaEdit?id=a0x7E000000MeMh"" target=""_self""><img src=""/resource/Apttus_Config2__Button_EditCriteria"" alt=""Edit Criteria"" border=""0""/></a>","Include Any","","","false","false","true","true","","","","","01t7E000005Y1VjQAK","Product","false","1.0"
"a0x7E000000MeMiQAK","false","Auto Include Consultation Fee","CHF","2018-02-07T00:45:13.000Z","0057E000004AesfQAC","2018-02-07T00:45:13.000Z","0057E000004AesfQAC","2018-02-07T00:45:13.000Z","a0z7E000019W6AnQAK","","Error","Auto Include","Inclusion","false","false","<a href=""/apex/Apttus_Config2__ConstraintRuleActionCriteriaEdit?id=a0x7E000000MeMi"" target=""_self""><img src=""/resource/Apttus_Config2__Button_EditCriteria"" alt=""Edit Criteria"" border=""0""/></a>","","","","false","false","true","false","","","","","01t7E000005Y1qTQAS","Product","false",""
"a0x7E000000MeMjQAK","false","Include Consultation Fee","CHF","2018-02-07T00:45:13.000Z","0057E000004AesfQAC","2018-02-07T00:45:13.000Z","0057E000004AesfQAC","2018-02-07T00:45:13.000Z","a0z7E000019W6AlQAK","","Error","Auto Include","Inclusion","false","false","<a href=""/apex/Apttus_Config2__ConstraintRuleActionCriteriaEdit?id=a0x7E000000MeMj"" target=""_self""><img src=""/resource/Apttus_Config2__Button_EditCriteria"" alt=""Edit Criteria"" border=""0""/></a>","","","","false","false","true","false","","","","","01t7E000005Y1qTQAS","Product","false",""
"a0x7E000000MeMkQAK","false","Auto Include registration Fee","CHF","2018-02-07T00:45:13.000Z","0057E000004AesfQAC","2018-02-07T00:45:13.000Z","0057E000004AesfQAC","2018-02-07T00:45:13.000Z","a0z7E000019W6AoQAK","","Error","Auto Include","Inclusion","false","false","<a href=""/apex/Apttus_Config2__ConstraintRuleActionCriteriaEdit?id=a0x7E000000MeMk"" target=""_self""><img src=""/resource/Apttus_Config2__Button_EditCriteria"" alt=""Edit Criteria"" border=""0""/></a>","","","","false","false","true","false","","","","","01t7E000005Y1fmQAC","Product","false",""
"a0x7E000000MeMlQAK","false","Auto Include registration Fee","CHF","2018-02-07T00:45:13.000Z","0057E000004AesfQAC","2018-02-07T00:45:13.000Z","0057E000004AesfQAC","2018-02-07T00:45:13.000Z","a0z7E000019W6ApQAK","","Error","Auto Include","Inclusion","false","false","<a href=""/apex/Apttus_Config2__ConstraintRuleActionCriteriaEdit?id=a0x7E000000MeMl"" target=""_self""><img src=""/resource/Apttus_Config2__Button_EditCriteria"" alt=""Edit Criteria"" border=""0""/></a>","","","","false","false","true","false","","","","","01t7E000005Y1fmQAC","Product","false",""
"a0x7E000000MeMmQAK","false","add COLN","CHF","2018-02-07T00:45:13.000Z","0057E000004AesfQAC","2018-02-07T00:45:13.000Z","0057E000004AesfQAC","2018-02-07T00:45:13.000Z","a0z7E000019W6BeQAK","","Warning","Auto Include","Inclusion","false","false","<a href=""/apex/Apttus_Config2__ConstraintRuleActionCriteriaEdit?id=a0x7E000000MeMm"" target=""_self""><img src=""/resource/Apttus_Config2__Button_EditCriteria"" alt=""Edit Criteria"" border=""0""/></a>","Include Any","","","false","false","true","true","","","","","01t7E000005Y1ixQAC","Product","false","1.0"
"a0x7E000000MeMnQAK","false","include TIY","CHF","2018-02-07T00:45:13.000Z","0057E000004AesfQAC","2018-02-07T00:45:13.000Z","0057E000004AesfQAC","2018-02-07T00:45:13.000Z","a0z7E000019W6BgQAK","","Warning","Auto Include","Inclusion","false","false","<a href=""/apex/Apttus_Config2__ConstraintRuleActionCriteriaEdit?id=a0x7E000000MeMn"" target=""_self""><img src=""/resource/Apttus_Config2__Button_EditCriteria"" alt=""Edit Criteria"" border=""0""/></a>","Include Any","","","false","false","true","true","","","","","01t7E000005Y1tkQAC","Product","false","1.0"
"a0x7E000000MeMoQAK","false","Exclude Type Hotel","CHF","2018-02-07T00:45:13.000Z","0057E000004AesfQAC","2018-02-07T00:45:13.000Z","0057E000004AesfQAC","2018-02-07T00:45:13.000Z","a0z7E000019W6BTQA0","","Error","Disable Selection","Exclusion","false","false","<a href=""/apex/Apttus_Config2__ConstraintRuleActionCriteriaEdit?id=a0x7E000000MeMo"" target=""_self""><img src=""/resource/Apttus_Config2__Button_EditCriteria"" alt=""Edit Criteria"" border=""0""/></a>","","","","false","false","true","true","","","","a2b7E000000fL1kQAE","","Product Group","false","3.0"
"a0x7E000000MeMpQAK","false","add Course Literature Non-English","CHF","2018-02-07T00:45:13.000Z","0057E000004AesfQAC","2018-02-07T00:45:13.000Z","0057E000004AesfQAC","2018-02-07T00:45:13.000Z","a0z7E000019W6AwQAK","","Warning","Auto Include","Inclusion","false","false","<a href=""/apex/Apttus_Config2__ConstraintRuleActionCriteriaEdit?id=a0x7E000000MeMp"" target=""_self""><img src=""/resource/Apttus_Config2__Button_EditCriteria"" alt=""Edit Criteria"" border=""0""/></a>","","","","false","false","true","true","","","","","01t7E000005Y1ixQAC","Product","false",""
"a0x7E000000MeMqQAK","false","add Cancellation Protection","CHF","2018-02-07T00:45:13.000Z","0057E000004AesfQAC","2018-02-07T00:45:13.000Z","0057E000004AesfQAC","2018-02-07T00:45:13.000Z","a0z7E000019W6AvQAK","","Warning","Auto Include","Inclusion","false","false","<a href=""/apex/Apttus_Config2__ConstraintRuleActionCriteriaEdit?id=a0x7E000000MeMq"" target=""_self""><img src=""/resource/Apttus_Config2__Button_EditCriteria"" alt=""Edit Criteria"" border=""0""/></a>","","","","false","false","true","true","","","","","01t7E000005Y1hmQAC","Product","false","1.0"
"a0x7E000000MeMrQAK","false","add HF Twin","CHF","2018-02-07T00:45:13.000Z","0057E000004AesfQAC","2018-02-07T00:45:13.000Z","0057E000004AesfQAC","2018-02-07T00:45:13.000Z","a0z7E000019W6BOQA0","","Warning","Auto Include","Inclusion","false","false","<a href=""/apex/Apttus_Config2__ConstraintRuleActionCriteriaEdit?id=a0x7E000000MeMr"" target=""_self""><img src=""/resource/Apttus_Config2__Button_EditCriteria"" alt=""Edit Criteria"" border=""0""/></a>","","","","false","false","true","true","","","","","01t7E000005Y1Z4QAK","Product","false","1.0"
"a0x7E000000MeMsQAK","false","add Campus as an Optional Item","CHF","2018-02-07T00:45:13.000Z","0057E000004AesfQAC","2018-02-07T00:45:13.000Z","0057E000004AesfQAC","2018-02-07T00:45:13.000Z","a0z7E000019W6BLQA0","","Warning","Auto Include","Inclusion","false","false","<a href=""/apex/Apttus_Config2__ConstraintRuleActionCriteriaEdit?id=a0x7E000000MeMs"" target=""_self""><img src=""/resource/Apttus_Config2__Button_EditCriteria"" alt=""Edit Criteria"" border=""0""/></a>","","","","false","false","true","false","","","","","01t7E000005Y1jCQAS","Product","false","1.0"
"a0x7E000000MeMtQAK","false","add International House as an optional item","CHF","2018-02-07T00:45:13.000Z","0057E000004AesfQAC","2018-02-07T00:45:13.000Z","0057E000004AesfQAC","2018-02-07T00:45:13.000Z","a0z7E000019W6BMQA0","","Warning","Auto Include","Inclusion","false","false","<a href=""/apex/Apttus_Config2__ConstraintRuleActionCriteriaEdit?id=a0x7E000000MeMt"" target=""_self""><img src=""/resource/Apttus_Config2__Button_EditCriteria"" alt=""Edit Criteria"" border=""0""/></a>","","","","false","false","true","false","","","","","01t7E000005Y1jEQAS","Product","false","1.0"
"a0x7E000000MeMvQAK","false","Exclude Own Accommodation","CHF","2018-02-07T00:45:13.000Z","0057E000004AesfQAC","2018-02-07T00:45:13.000Z","0057E000004AesfQAC","2018-02-07T00:45:13.000Z","a0z7E000019W6BTQA0","","Error","Disable Selection","Exclusion","false","false","<a href=""/apex/Apttus_Config2__ConstraintRuleActionCriteriaEdit?id=a0x7E000000MeMv"" target=""_self""><img src=""/resource/Apttus_Config2__Button_EditCriteria"" alt=""Edit Criteria"" border=""0""/></a>","","","","false","false","true","false","","","","","01t7E000005Y1kuQAC","Product","false","2.0"
"a0x7E000000MeMwQAK","false","Include Course Literature -Non-English","CHF","2018-02-07T00:45:13.000Z","0057E000004AesfQAC","2018-02-07T00:45:13.000Z","0057E000004AesfQAC","2018-02-07T00:45:13.000Z","a0z7E000019W6BVQA0","","Warning","Auto Include","Inclusion","false","false","<a href=""/apex/Apttus_Config2__ConstraintRuleActionCriteriaEdit?id=a0x7E000000MeMw"" target=""_self""><img src=""/resource/Apttus_Config2__Button_EditCriteria"" alt=""Edit Criteria"" border=""0""/></a>","Include Any","","","false","false","true","true","","","","","01t7E000005Y1ixQAC","Product","false","1.0"
"a0x7E000000MeMxQAK","false","Include Campus Multi Room","CHF","2018-02-07T00:45:13.000Z","0057E000004AesfQAC","2018-02-07T00:45:13.000Z","0057E000004AesfQAC","2018-02-07T00:45:13.000Z","a0z7E000019W6BQQA0","","Warning","Auto Include","Inclusion","false","false","<a href=""/apex/Apttus_Config2__ConstraintRuleActionCriteriaEdit?id=a0x7E000000MeMx"" target=""_self""><img src=""/resource/Apttus_Config2__Button_EditCriteria"" alt=""Edit Criteria"" border=""0""/></a>","","","","false","false","true","false","","","","","01t7E000005Y1nmQAC","Product","false","1.0"
"a0x7E000000MeMyQAK","false","include product ""Special Diet""","CHF","2018-02-07T00:45:13.000Z","0057E000004AesfQAC","2018-02-07T00:45:13.000Z","0057E000004AesfQAC","2018-02-07T00:45:13.000Z","a0z7E000019W6BUQA0","","Warning","Auto Include","Inclusion","false","false","<a href=""/apex/Apttus_Config2__ConstraintRuleActionCriteriaEdit?id=a0x7E000000MeMy"" target=""_self""><img src=""/resource/Apttus_Config2__Button_EditCriteria"" alt=""Edit Criteria"" border=""0""/></a>","","","","false","false","true","false","","","","","01t7E000005Y1g4QAC","Product","false","1.0"
"a0x7E000000MeMzQAK","false","Include Course Literature (Business English)","CHF","2018-02-07T00:45:13.000Z","0057E000004AesfQAC","2018-02-07T00:45:13.000Z","0057E000004AesfQAC","2018-02-07T00:45:13.000Z","a0z7E000019W6B0QAK","","Warning","Auto Include","Inclusion","false","false","<a href=""/apex/Apttus_Config2__ConstraintRuleActionCriteriaEdit?id=a0x7E000000MeMz"" target=""_self""><img src=""/resource/Apttus_Config2__Button_EditCriteria"" alt=""Edit Criteria"" border=""0""/></a>","Include Any","","","false","false","true","true","","","","","01t7E000005Y1iuQAC","Product","false",""
"a0x7E000000MeN0QAK","false","include EF to every quote","CHF","2018-02-07T00:45:13.000Z","0057E000004AesfQAC","2018-02-07T00:45:13.000Z","0057E000004AesfQAC","2018-02-07T00:45:13.000Z","a0z7E000019W6BWQA0","","Warning","Auto Include","Inclusion","false","false","<a href=""/apex/Apttus_Config2__ConstraintRuleActionCriteriaEdit?id=a0x7E000000MeN0"" target=""_self""><img src=""/resource/Apttus_Config2__Button_EditCriteria"" alt=""Edit Criteria"" border=""0""/></a>","Include Any","","","false","false","true","true","","","","","01t7E000005Y1gpQAC","Product","false","1.0"
"a0x7E000000MeN1QAK","false","Include Enrollment Fee","CHF","2018-02-07T00:45:13.000Z","0057E000004AesfQAC","2018-02-07T00:45:13.000Z","0057E000004AesfQAC","2018-02-07T00:45:13.000Z","a0z7E000019W6B2QAK","","Warning","Auto Include","Inclusion","false","false","<a href=""/apex/Apttus_Config2__ConstraintRuleActionCriteriaEdit?id=a0x7E000000MeN1"" target=""_self""><img src=""/resource/Apttus_Config2__Button_EditCriteria"" alt=""Edit Criteria"" border=""0""/></a>","","","","false","false","true","false","","","","","01t7E000005Y1gpQAC","Product","false",""
"a0x7E000000MeN2QAK","false","Include Campus","CHF","2018-02-07T00:45:13.000Z","0057E000004AesfQAC","2018-02-07T00:45:13.000Z","0057E000004AesfQAC","2018-02-07T00:45:13.000Z","a0z7E000019W6BJQA0","","Warning","Auto Include","Inclusion","false","false","<a href=""/apex/Apttus_Config2__ConstraintRuleActionCriteriaEdit?id=a0x7E000000MeN2"" target=""_self""><img src=""/resource/Apttus_Config2__Button_EditCriteria"" alt=""Edit Criteria"" border=""0""/></a>","","","","false","false","true","true","","","","","01t7E000005Y1jFQAS","Product","false","1.0"
"a0x7E000000MeN3QAK","false","Include Campus Multi Room","CHF","2018-02-07T00:45:13.000Z","0057E000004AesfQAC","2018-02-07T00:45:13.000Z","0057E000004AesfQAC","2018-02-07T00:45:13.000Z","a0z7E000019W6BRQA0","","Warning","Auto Include","Inclusion","false","false","<a href=""/apex/Apttus_Config2__ConstraintRuleActionCriteriaEdit?id=a0x7E000000MeN3"" target=""_self""><img src=""/resource/Apttus_Config2__Button_EditCriteria"" alt=""Edit Criteria"" border=""0""/></a>","","","","false","false","true","false","","","","","01t7E000005Y1nrQAC","Product","false","1.0"
"a0x7E000000MeN4QAK","false","Include Campus Multi Room","CHF","2018-02-07T00:45:13.000Z","0057E000004AesfQAC","2018-02-07T00:45:13.000Z","0057E000004AesfQAC","2018-02-07T00:45:13.000Z","a0z7E000019W6BPQA0","","Warning","Auto Include","Inclusion","false","false","<a href=""/apex/Apttus_Config2__ConstraintRuleActionCriteriaEdit?id=a0x7E000000MeN4"" target=""_self""><img src=""/resource/Apttus_Config2__Button_EditCriteria"" alt=""Edit Criteria"" border=""0""/></a>","","","","false","false","true","false","","","","","01t7E000005Y1j8QAC","Product","false","1.0"
"a0x7E000000MeN5QAK","false","Exclude No Accommodataion","CHF","2018-02-07T00:45:13.000Z","0057E000004AesfQAC","2018-02-07T00:45:13.000Z","0057E000004AesfQAC","2018-02-07T00:45:13.000Z","a0z7E000019W6BTQA0","","Error","Disable Selection","Exclusion","false","false","<a href=""/apex/Apttus_Config2__ConstraintRuleActionCriteriaEdit?id=a0x7E000000MeN5"" target=""_self""><img src=""/resource/Apttus_Config2__Button_EditCriteria"" alt=""Edit Criteria"" border=""0""/></a>","","","","false","false","true","false","","","","","01t7E000005Y1UxQAK","Product","false","1.0"
"a0x7E000000MeN6QAK","false","add International House Multi","CHF","2018-02-07T00:45:13.000Z","0057E000004AesfQAC","2018-02-07T00:45:13.000Z","0057E000004AesfQAC","2018-02-07T00:45:13.000Z","a0z7E000019W6BKQA0","","Warning","Auto Include","Inclusion","false","false","<a href=""/apex/Apttus_Config2__ConstraintRuleActionCriteriaEdit?id=a0x7E000000MeN6"" target=""_self""><img src=""/resource/Apttus_Config2__Button_EditCriteria"" alt=""Edit Criteria"" border=""0""/></a>","","","","false","false","true","false","","","","","01t7E000005Y1jDQAS","Product","false","1.0"
"a0x7E000000MeN7QAK","false","add International House Multi","CHF","2018-02-07T00:45:13.000Z","0057E000004AesfQAC","2018-02-07T00:45:13.000Z","0057E000004AesfQAC","2018-02-07T00:45:13.000Z","a0z7E000019W6BNQA0","","Warning","Auto Include","Inclusion","false","false","<a href=""/apex/Apttus_Config2__ConstraintRuleActionCriteriaEdit?id=a0x7E000000MeN7"" target=""_self""><img src=""/resource/Apttus_Config2__Button_EditCriteria"" alt=""Edit Criteria"" border=""0""/></a>","","","","false","false","true","false","","","","","01t7E000005Y1njQAC","Product","false","1.0"
"a0x7E000000MeMuQAK","false","include COLEX","CHF","2018-02-07T00:45:13.000Z","0057E000004AesfQAC","2018-02-07T00:45:13.000Z","0057E000004AesfQAC","2018-02-07T00:45:13.000Z","a0z7E000019W6BSQA0","","Warning","Auto Include","Inclusion","false","false","<a href=""/apex/Apttus_Config2__ConstraintRuleActionCriteriaEdit?id=a0x7E000000MeMu"" target=""_self""><img src=""/resource/Apttus_Config2__Button_EditCriteria"" alt=""Edit Criteria"" border=""0""/></a>","Include Any","","","false","false","true","true","","","","","01t7E000005Y1iwQAC","Product","false","1.0"
"a0x7E000000MeoRQAS","false","add FP","NOK","2018-02-11T19:30:23.000Z","0057E000003Lh0tQAC","2018-02-14T06:32:59.000Z","0057E000004AesfQAC","2018-02-14T06:32:59.000Z","a0z7E00001BHfyNQAT","","Warning","Auto Include","Inclusion","false","false","<a href=""/apex/Apttus_Config2__ConstraintRuleActionCriteriaEdit?id=a0x7E000000MeoR"" target=""_self""><img src=""/resource/Apttus_Config2__Button_EditCriteria"" alt=""Edit Criteria"" border=""0""/></a>","Include Any","","","false","false","true","true","","","","","01t7E000005Y1XLQA0","Product","false","1.0"
