"ID","OWNERID","ISDELETED","NAME","CURRENCYISOCODE","CREATEDDATE","CREATEDBYID","LASTMODIFIEDDATE","LASTMODIFIEDBYID","SYSTEMMODSTAMP","LASTVIEWEDDATE","LASTREFERENCEDDATE","APTTUS_CONFIG2__ACTIVE__C","APTTUS_CONFIG2__CONDITIONASSOCIATION__C","APTTUS_CONFIG2__DESCRIPTION__C","APTTUS_CONFIG2__EFFECTIVEDATE__C","APTTUS_CONFIG2__EXPIRATIONDATE__C","APTTUS_CONFIG2__ISBUNDLECONTEXT__C","APTTUS_CONFIG2__MATCHINASSET__C","APTTUS_CONFIG2__MATCHINOPTIONS__C","APTTUS_CONFIG2__MATCHINPRIMARYLINES__C","APTTUS_CONFIG2__MATCHMAXPRODUCTS__C","APTTUS_CONFIG2__MATCHMINPRODUCTS__C","APTTUS_CONFIG2__MATCHRULE__C","APTTUS_CONFIG2__SEQUENCE__C","APTTUS_CONFIG2__UPDATEVIEW__C","APTS_AVAILABLE_PROGRAMS__C"
"a0z7E000019W6BZQA0","0057E000004AesfQAC","false","Auto include CI for LT","CHF","2018-02-07T00:39:50.000Z","0057E000004AesfQAC","2018-02-11T19:26:32.000Z","0057E000003Lh0tQAC","2018-02-12T11:30:24.000Z","2018-02-14T06:12:12.000Z","2018-02-14T06:12:12.000Z","true","","include cancellation protection into PQ for LT","","","false","false","false","false","","","","1.0","<a href=""/apex/Apttus_Config2__ProductConstraintView?ruleId=a0z7E000019W6BZ"" target=""_self""><img src=""/resource/Apttus_Config2__Button_UpdateView"" alt=""Update View"" border=""0""/></a>",""
"a0z7E00001BHfyNQAT","0057E000003Lh0tQAC","false","Include FP for LT","NOK","2018-02-11T19:28:49.000Z","0057E000003Lh0tQAC","2018-02-11T19:28:49.000Z","0057E000003Lh0tQAC","2018-02-12T11:30:24.000Z","2018-02-14T06:33:00.000Z","2018-02-14T06:33:00.000Z","true","","If available the Fun Pack shall be added automatically as an optional item.","","","false","false","false","false","","","","1.0","<a href=""/apex/Apttus_Config2__ProductConstraintView?ruleId=a0z7E00001BHfyN"" target=""_self""><img src=""/resource/Apttus_Config2__Button_UpdateView"" alt=""Update View"" border=""0""/></a>",""
"a0z7E000019W6BBQA0","0057E000004AesfQAC","false","Non-Junior: Add TSS-BNE to Brisbane as an optional product","CHF","2018-02-07T00:39:50.000Z","0057E000004AesfQAC","2018-02-07T00:39:50.000Z","0057E000004AesfQAC","2018-02-07T00:39:50.000Z","","","true","","Will be auto-included","","","false","false","false","false","","","","1.0","<a href=""/apex/Apttus_Config2__ProductConstraintView?ruleId=a0z7E000019W6BB"" target=""_self""><img src=""/resource/Apttus_Config2__Button_UpdateView"" alt=""Update View"" border=""0""/></a>",""
"a0z7E000019W6BPQA0","0057E000004AesfQAC","false","Include San Diego Accommodation","CHF","2018-02-07T00:39:50.000Z","0057E000004AesfQAC","2018-02-07T00:39:50.000Z","0057E000004AesfQAC","2018-02-07T00:39:50.000Z","","","true","","If San Diego Point Loma has been chosen Campus Multi will be auto-included.","","","false","false","false","false","","","","1.0","<a href=""/apex/Apttus_Config2__ProductConstraintView?ruleId=a0z7E000019W6BP"" target=""_self""><img src=""/resource/Apttus_Config2__Button_UpdateView"" alt=""Update View"" border=""0""/></a>",""
"a0z7E000019W6AlQAK","0057E000004AesfQAC","false","Comparative Quote: Include Consultation Fee","CHF","2018-02-07T00:39:50.000Z","0057E000004AesfQAC","2018-02-07T00:39:50.000Z","0057E000004AesfQAC","2018-02-07T00:39:50.000Z","","","true","","","","","false","false","false","false","","","","","<a href=""/apex/Apttus_Config2__ProductConstraintView?ruleId=a0z7E000019W6Al"" target=""_self""><img src=""/resource/Apttus_Config2__Button_UpdateView"" alt=""Update View"" border=""0""/></a>",""
"a0z7E000019W6AsQAK","0057E000004AesfQAC","false","Junior Course: Include LU for specific Destinations","CHF","2018-02-07T00:39:50.000Z","0057E000004AesfQAC","2018-02-07T00:39:50.000Z","0057E000004AesfQAC","2018-02-07T00:39:50.000Z","","","true","","Specific Destinations need the article LU auto-included","","","false","false","false","false","","","","1.0","<a href=""/apex/Apttus_Config2__ProductConstraintView?ruleId=a0z7E000019W6As"" target=""_self""><img src=""/resource/Apttus_Config2__Button_UpdateView"" alt=""Update View"" border=""0""/></a>",""
"a0z7E000019W6B3QAK","0057E000004AesfQAC","false","Junior Course: Add LU7 for GB-BOU if Residence has been chosen","CHF","2018-02-07T00:39:50.000Z","0057E000004AesfQAC","2018-02-07T00:39:50.000Z","0057E000004AesfQAC","2018-02-07T00:39:50.000Z","","","true","1 AND 2","For Junior Courses in Bournemouth when staying in a Residence the Lunch Supplement 7 Days should be auto-included.","","","false","false","false","false","","","","1.0","<a href=""/apex/Apttus_Config2__ProductConstraintView?ruleId=a0z7E000019W6B3"" target=""_self""><img src=""/resource/Apttus_Config2__Button_UpdateView"" alt=""Update View"" border=""0""/></a>",""
"a0z7E000019W6BKQA0","0057E000004AesfQAC","false","Include Costa Rica Accommodation","CHF","2018-02-07T00:39:50.000Z","0057E000004AesfQAC","2018-02-07T00:39:50.000Z","0057E000004AesfQAC","2018-02-07T00:39:50.000Z","","","true","","When Costa Rica is being chosen the International House Multi will be added as an Optional item.","","","false","false","false","false","","","","1.0","<a href=""/apex/Apttus_Config2__ProductConstraintView?ruleId=a0z7E000019W6BK"" target=""_self""><img src=""/resource/Apttus_Config2__Button_UpdateView"" alt=""Update View"" border=""0""/></a>",""
"a0z7E000019W6AwQAK","0057E000004AesfQAC","false","Comparative Quote: include course literature Non-English for every destination","CHF","2018-02-07T00:39:50.000Z","0057E000004AesfQAC","2018-02-07T00:39:50.000Z","0057E000004AesfQAC","2018-02-07T00:39:50.000Z","","","true","","If you have a comparative quote and different English speaking destinations, the number of weeks shall not be rolled up.","","","false","false","false","false","","","","1.0","<a href=""/apex/Apttus_Config2__ProductConstraintView?ruleId=a0z7E000019W6Aw"" target=""_self""><img src=""/resource/Apttus_Config2__Button_UpdateView"" alt=""Update View"" border=""0""/></a>",""
"a0z7E000019W6B6QAK","0057E000004AesfQAC","false","Auto Include Course Literature (Business English)","CHF","2018-02-07T00:39:50.000Z","0057E000004AesfQAC","2018-02-07T00:39:50.000Z","0057E000004AesfQAC","2018-02-07T00:39:50.000Z","","","true","","Business English Courses","","","false","false","false","false","","","","1.0","<a href=""/apex/Apttus_Config2__ProductConstraintView?ruleId=a0z7E000019W6B6"" target=""_self""><img src=""/resource/Apttus_Config2__Button_UpdateView"" alt=""Update View"" border=""0""/></a>",""
"a0z7E000019W6BHQA0","0057E000004AesfQAC","false","Non-Junior: Add TSS-CDG to Paris as an optional product","CHF","2018-02-07T00:39:50.000Z","0057E000004AesfQAC","2018-02-07T00:39:50.000Z","0057E000004AesfQAC","2018-02-07T00:39:50.000Z","","","true","","Will be auto-included","","","false","false","false","false","","","","1.0","<a href=""/apex/Apttus_Config2__ProductConstraintView?ruleId=a0z7E000019W6BH"" target=""_self""><img src=""/resource/Apttus_Config2__Button_UpdateView"" alt=""Update View"" border=""0""/></a>",""
"a0z7E000019W6AnQAK","0057E000004AesfQAC","false","Auto Include Consultation Fee","CHF","2018-02-07T00:39:50.000Z","0057E000004AesfQAC","2018-02-07T00:39:50.000Z","0057E000004AesfQAC","2018-02-07T00:39:50.000Z","","","true","","","","","false","false","false","false","","","","","<a href=""/apex/Apttus_Config2__ProductConstraintView?ruleId=a0z7E000019W6An"" target=""_self""><img src=""/resource/Apttus_Config2__Button_UpdateView"" alt=""Update View"" border=""0""/></a>",""
"a0z7E000019W6BVQA0","0057E000004AesfQAC","false","Auto Include Course Literature - Non-English","CHF","2018-02-07T00:39:50.000Z","0057E000004AesfQAC","2018-02-07T00:39:50.000Z","0057E000004AesfQAC","2018-02-07T00:39:50.000Z","","","true","","","","","false","false","false","false","","","","1.0","<a href=""/apex/Apttus_Config2__ProductConstraintView?ruleId=a0z7E000019W6BV"" target=""_self""><img src=""/resource/Apttus_Config2__Button_UpdateView"" alt=""Update View"" border=""0""/></a>",""
"a0z7E000019W6B8QAK","0057E000004AesfQAC","false","Non-Junior: Add TSS-SAN to San Diego as an optional product","CHF","2018-02-07T00:39:50.000Z","0057E000004AesfQAC","2018-02-07T00:39:50.000Z","0057E000004AesfQAC","2018-02-07T00:39:50.000Z","","","true","","Will be auto-included","","","false","false","false","false","","","","1.0","<a href=""/apex/Apttus_Config2__ProductConstraintView?ruleId=a0z7E000019W6B8"" target=""_self""><img src=""/resource/Apttus_Config2__Button_UpdateView"" alt=""Update View"" border=""0""/></a>",""
"a0z7E000019W6BMQA0","0057E000004AesfQAC","false","Include Oxford Accommodation","CHF","2018-02-07T00:39:50.000Z","0057E000004AesfQAC","2018-02-07T00:39:50.000Z","0057E000004AesfQAC","2018-02-07T00:39:50.000Z","","","true","","When Oxford is being chosen the International House Multi will be added as an Optional item.","","","false","false","false","false","","","","1.0","<a href=""/apex/Apttus_Config2__ProductConstraintView?ruleId=a0z7E000019W6BM"" target=""_self""><img src=""/resource/Apttus_Config2__Button_UpdateView"" alt=""Update View"" border=""0""/></a>",""
"a0z7E000019W6AvQAK","0057E000004AesfQAC","false","Comparative Quote: include Cancellation Protection to every Destintion","CHF","2018-02-07T00:39:50.000Z","0057E000004AesfQAC","2018-02-07T00:39:50.000Z","0057E000004AesfQAC","2018-02-07T00:39:50.000Z","","","true","","For Comparative Quotes the Cancellation Protection shall be added to every quote.","","","false","false","false","false","","","","1.0","<a href=""/apex/Apttus_Config2__ProductConstraintView?ruleId=a0z7E000019W6Av"" target=""_self""><img src=""/resource/Apttus_Config2__Button_UpdateView"" alt=""Update View"" border=""0""/></a>",""
"a0z7E000019W6BLQA0","0057E000004AesfQAC","false","Include Boston Accommodation","CHF","2018-02-07T00:39:50.000Z","0057E000004AesfQAC","2018-02-07T00:39:50.000Z","0057E000004AesfQAC","2018-02-07T00:39:50.000Z","","","true","","When Boston is being chosen the Campus  will be added as an Optional item.","","","false","false","false","false","","","","1.0","<a href=""/apex/Apttus_Config2__ProductConstraintView?ruleId=a0z7E000019W6BL"" target=""_self""><img src=""/resource/Apttus_Config2__Button_UpdateView"" alt=""Update View"" border=""0""/></a>",""
"a0z7E000019W6AoQAK","0057E000004AesfQAC","false","Auto Include Registration Fee","CHF","2018-02-07T00:39:50.000Z","0057E000004AesfQAC","2018-02-07T00:39:50.000Z","0057E000004AesfQAC","2018-02-07T00:39:50.000Z","","","true","1 AND 2","","","","false","false","false","false","","","","","<a href=""/apex/Apttus_Config2__ProductConstraintView?ruleId=a0z7E000019W6Ao"" target=""_self""><img src=""/resource/Apttus_Config2__Button_UpdateView"" alt=""Update View"" border=""0""/></a>",""
"a0z7E000019W6AmQAK","0057E000004AesfQAC","false","Auto include EF for LT","CHF","2018-02-07T00:39:50.000Z","0057E000004AesfQAC","2018-02-07T00:39:50.000Z","0057E000004AesfQAC","2018-02-12T11:30:24.000Z","","","true","","EF shall be added to every LT quote as long as it's offered in the market","","","false","false","false","false","","","","1.0","<a href=""/apex/Apttus_Config2__ProductConstraintView?ruleId=a0z7E000019W6Am"" target=""_self""><img src=""/resource/Apttus_Config2__Button_UpdateView"" alt=""Update View"" border=""0""/></a>",""
"a0z7E000019W6BAQA0","0057E000004AesfQAC","false","Non-Junior: Add TSS-SBA to Santa Barbara as an optional product","CHF","2018-02-07T00:39:50.000Z","0057E000004AesfQAC","2018-02-07T00:39:50.000Z","0057E000004AesfQAC","2018-02-07T00:39:50.000Z","","","true","","Will be auto-included","","","false","false","false","false","","","","1.0","<a href=""/apex/Apttus_Config2__ProductConstraintView?ruleId=a0z7E000019W6BA"" target=""_self""><img src=""/resource/Apttus_Config2__Button_UpdateView"" alt=""Update View"" border=""0""/></a>",""
"a0z7E000019W6BYQA0","0057E000004AesfQAC","false","Auto include TIT for LT","CHF","2018-02-07T00:39:50.000Z","0057E000004AesfQAC","2018-02-07T00:39:50.000Z","0057E000004AesfQAC","2018-02-07T00:39:50.000Z","","","true","","include travel insurance into PQ for LT","","","false","false","false","false","","","","1.0","<a href=""/apex/Apttus_Config2__ProductConstraintView?ruleId=a0z7E000019W6BY"" target=""_self""><img src=""/resource/Apttus_Config2__Button_UpdateView"" alt=""Update View"" border=""0""/></a>",""
"a0z7E000019W6BSQA0","0057E000004AesfQAC","false","Include Course Literature Exam if Exam Course is chosen","CHF","2018-02-07T00:39:50.000Z","0057E000004AesfQAC","2018-02-07T00:39:50.000Z","0057E000004AesfQAC","2018-02-07T00:39:50.000Z","","","true","","If an Exam Course has been chosen the product COLEX shall be auto-included","","","false","false","false","false","","","","1.0","<a href=""/apex/Apttus_Config2__ProductConstraintView?ruleId=a0z7E000019W6BS"" target=""_self""><img src=""/resource/Apttus_Config2__Button_UpdateView"" alt=""Update View"" border=""0""/></a>",""
"a0z7E000019W6BXQA0","0057E000004AesfQAC","false","Comparative Quote: include course literature English for every destination","CHF","2018-02-07T00:39:50.000Z","0057E000004AesfQAC","2018-02-07T00:39:50.000Z","0057E000004AesfQAC","2018-02-07T00:39:50.000Z","","","true","","If you have a comparative quote and different English speaking destinations, the number of weeks shall not be rolled up.","","","false","false","false","false","","","","1.0","<a href=""/apex/Apttus_Config2__ProductConstraintView?ruleId=a0z7E000019W6BX"" target=""_self""><img src=""/resource/Apttus_Config2__Button_UpdateView"" alt=""Update View"" border=""0""/></a>",""
"a0z7E000019W6BOQA0","0057E000004AesfQAC","false","Include HF Twin","CHF","2018-02-07T00:39:50.000Z","0057E000004AesfQAC","2018-02-07T00:39:50.000Z","0057E000004AesfQAC","2018-02-07T00:39:50.000Z","","","true","","HF Twin will be included automatically if no other Accommodation Constraint rule fires","","","false","false","false","false","","","","1.0","<a href=""/apex/Apttus_Config2__ProductConstraintView?ruleId=a0z7E000019W6BO"" target=""_self""><img src=""/resource/Apttus_Config2__Button_UpdateView"" alt=""Update View"" border=""0""/></a>",""
"a0z7E000019W6BGQA0","0057E000004AesfQAC","false","TSS article for Non-Junior Courses outside the UK","CHF","2018-02-07T00:39:50.000Z","0057E000004AesfQAC","2018-02-07T00:39:50.000Z","0057E000004AesfQAC","2018-02-07T00:39:50.000Z","","","true","1 OR 2","Most destinations when a non-junior course has been chosen will receive the article TSS as an optional item","","","false","false","false","false","","","","1.0","<a href=""/apex/Apttus_Config2__ProductConstraintView?ruleId=a0z7E000019W6BG"" target=""_self""><img src=""/resource/Apttus_Config2__Button_UpdateView"" alt=""Update View"" border=""0""/></a>",""
"a0z7E000019W6AyQAK","0057E000004AesfQAC","false","Auto Include Travel Insurance","CHF","2018-02-07T00:39:50.000Z","0057E000004AesfQAC","2018-02-07T00:39:50.000Z","0057E000004AesfQAC","2018-02-07T00:39:50.000Z","","","true","","","","","false","false","false","false","","","","1.0","<a href=""/apex/Apttus_Config2__ProductConstraintView?ruleId=a0z7E000019W6Ay"" target=""_self""><img src=""/resource/Apttus_Config2__Button_UpdateView"" alt=""Update View"" border=""0""/></a>",""
"a0z7E000019W6BCQA0","0057E000004AesfQAC","false","Junior Course in Santa Barbara - include TSSR-LAX","CHF","2018-02-07T00:39:50.000Z","0057E000004AesfQAC","2018-02-07T00:39:50.000Z","0057E000004AesfQAC","2018-02-07T00:39:50.000Z","","","true","","For Junior Courses in Santa Barbara include TSSR-LAX","","","false","false","false","false","","","","1.0","<a href=""/apex/Apttus_Config2__ProductConstraintView?ruleId=a0z7E000019W6BC"" target=""_self""><img src=""/resource/Apttus_Config2__Button_UpdateView"" alt=""Update View"" border=""0""/></a>",""
"a0z7E000019W6B9QAK","0057E000004AesfQAC","false","Junior Course outside the UK: include TSSR","CHF","2018-02-07T00:39:50.000Z","0057E000004AesfQAC","2018-02-07T00:39:50.000Z","0057E000004AesfQAC","2018-02-07T00:39:50.000Z","","","true","","For Junior Courses outside the UK include TSSR-LHR","","","false","false","false","false","","","","1.0","<a href=""/apex/Apttus_Config2__ProductConstraintView?ruleId=a0z7E000019W6B9"" target=""_self""><img src=""/resource/Apttus_Config2__Button_UpdateView"" alt=""Update View"" border=""0""/></a>",""
"a0z7E000019W6AuQAK","0057E000004AesfQAC","false","TSS article for Non-Junior Courses in Barcelona","CHF","2018-02-07T00:39:50.000Z","0057E000004AesfQAC","2018-02-07T00:39:50.000Z","0057E000004AesfQAC","2018-02-07T00:39:50.000Z","","","true","","For any Barcelona non-junior course add the product TSS","","","false","false","false","false","","","","1.0","<a href=""/apex/Apttus_Config2__ProductConstraintView?ruleId=a0z7E000019W6Au"" target=""_self""><img src=""/resource/Apttus_Config2__Button_UpdateView"" alt=""Update View"" border=""0""/></a>",""
"a0z7E000019W6BDQA0","0057E000004AesfQAC","false","Non-Junior: Add TSS-MIA to Miami as an optional product","CHF","2018-02-07T00:39:50.000Z","0057E000004AesfQAC","2018-02-07T00:39:50.000Z","0057E000004AesfQAC","2018-02-07T00:39:50.000Z","","","true","","Will be auto-included","","","false","false","false","false","","","","1.0","<a href=""/apex/Apttus_Config2__ProductConstraintView?ruleId=a0z7E000019W6BD"" target=""_self""><img src=""/resource/Apttus_Config2__Button_UpdateView"" alt=""Update View"" border=""0""/></a>",""
"a0z7E000019W6BWQA0","0057E000004AesfQAC","false","Comparative Quote: Include EF to every Destination","CHF","2018-02-07T00:39:50.000Z","0057E000004AesfQAC","2018-02-07T00:39:50.000Z","0057E000004AesfQAC","2018-02-07T00:39:50.000Z","","","true","","For a Comparative Quote the Enrollment Fee shall be added to every single destination.","","","false","false","false","false","","","","1.0","<a href=""/apex/Apttus_Config2__ProductConstraintView?ruleId=a0z7E000019W6BW"" target=""_self""><img src=""/resource/Apttus_Config2__Button_UpdateView"" alt=""Update View"" border=""0""/></a>",""
"a0z7E000019W6B5QAK","0057E000004AesfQAC","false","Junior Course in Auckland - add Bus Pass","CHF","2018-02-07T00:39:50.000Z","0057E000004AesfQAC","2018-02-07T00:39:50.000Z","0057E000004AesfQAC","2018-02-07T00:39:50.000Z","","","true","","Bus Pass will be auto-included","","","false","false","false","false","","","","1.0","<a href=""/apex/Apttus_Config2__ProductConstraintView?ruleId=a0z7E000019W6B5"" target=""_self""><img src=""/resource/Apttus_Config2__Button_UpdateView"" alt=""Update View"" border=""0""/></a>",""
"a0z7E000019W6BeQAK","0057E000004AesfQAC","false","If COLEX present and Non English Destination add COLN","CHF","2018-02-07T00:39:50.000Z","0057E000004AesfQAC","2018-02-07T00:39:50.000Z","0057E000004AesfQAC","2018-02-07T00:39:50.000Z","","","false","","","","","false","false","false","false","","","","1.0","<a href=""/apex/Apttus_Config2__ProductConstraintView?ruleId=a0z7E000019W6Be"" target=""_self""><img src=""/resource/Apttus_Config2__Button_UpdateView"" alt=""Update View"" border=""0""/></a>",""
"a0z7E000019W6B1QAK","0057E000004AesfQAC","false","Auto Include Cancellation Protection","CHF","2018-02-07T00:39:50.000Z","0057E000004AesfQAC","2018-02-07T00:39:50.000Z","0057E000004AesfQAC","2018-02-09T04:01:39.000Z","","","true","","","","","false","false","false","false","","","","1.0","<a href=""/apex/Apttus_Config2__ProductConstraintView?ruleId=a0z7E000019W6B1"" target=""_self""><img src=""/resource/Apttus_Config2__Button_UpdateView"" alt=""Update View"" border=""0""/></a>",""
"a0z7E000019W6BTQA0","0057E000004AesfQAC","false","Exclude certain Accommodation products for Junior Courses","CHF","2018-02-07T00:39:50.000Z","0057E000004AesfQAC","2018-02-07T00:39:50.000Z","0057E000004AesfQAC","2018-02-07T00:39:50.000Z","","","true","","Junior courses are not allowed to have certain accommodation articles eg No Accommodation or Hotel, the sales user should not be able to choose these products","","","false","false","false","false","","","","1.0","<a href=""/apex/Apttus_Config2__ProductConstraintView?ruleId=a0z7E000019W6BT"" target=""_self""><img src=""/resource/Apttus_Config2__Button_UpdateView"" alt=""Update View"" border=""0""/></a>",""
"a0z7E000019W6B7QAK","0057E000004AesfQAC","false","Junior Course in San Diego - include TSSR-SAN","CHF","2018-02-07T00:39:50.000Z","0057E000004AesfQAC","2018-02-07T00:39:50.000Z","0057E000004AesfQAC","2018-02-07T00:39:50.000Z","","","true","","For Junior Courses in San Diego include TSSR-SAN","","","false","false","false","false","","","","1.0","<a href=""/apex/Apttus_Config2__ProductConstraintView?ruleId=a0z7E000019W6B7"" target=""_self""><img src=""/resource/Apttus_Config2__Button_UpdateView"" alt=""Update View"" border=""0""/></a>",""
"a0z7E000019W6BcQAK","0057E000004AesfQAC","false","Auto Include TIAY for AY Courses","CHF","2018-02-07T00:39:50.000Z","0057E000004AesfQAC","2018-02-07T00:39:50.000Z","0057E000004AesfQAC","2018-02-07T00:39:50.000Z","","","true","","","","","false","false","false","false","","","","1.0","<a href=""/apex/Apttus_Config2__ProductConstraintView?ruleId=a0z7E000019W6Bc"" target=""_self""><img src=""/resource/Apttus_Config2__Button_UpdateView"" alt=""Update View"" border=""0""/></a>",""
"a0z7E000019W6BfQAK","0057E000004AesfQAC","false","If COL present exclude COLAY","CHF","2018-02-07T00:39:50.000Z","0057E000004AesfQAC","2018-02-07T00:39:50.000Z","0057E000004AesfQAC","2018-02-07T00:39:50.000Z","","","false","","","","","false","false","false","false","","","","1.0","<a href=""/apex/Apttus_Config2__ProductConstraintView?ruleId=a0z7E000019W6Bf"" target=""_self""><img src=""/resource/Apttus_Config2__Button_UpdateView"" alt=""Update View"" border=""0""/></a>",""
"a0z7E000019W6BQQA0","0057E000004AesfQAC","false","Include Washington Accommodation","CHF","2018-02-07T00:39:50.000Z","0057E000004AesfQAC","2018-02-07T00:39:50.000Z","0057E000004AesfQAC","2018-02-07T00:39:50.000Z","","","true","","If Washington has been chosen Campus Multi will be auto-included.","","","false","false","false","false","","","","1.0","<a href=""/apex/Apttus_Config2__ProductConstraintView?ruleId=a0z7E000019W6BQ"" target=""_self""><img src=""/resource/Apttus_Config2__Button_UpdateView"" alt=""Update View"" border=""0""/></a>",""
"a0z7E000019W6BIQA0","0057E000004AesfQAC","false","Non-Junior: Add TSS-SJO to Costa Rica as an optional product","CHF","2018-02-07T00:39:50.000Z","0057E000004AesfQAC","2018-02-07T00:39:50.000Z","0057E000004AesfQAC","2018-02-07T00:39:50.000Z","","","true","","Will be auto-included","","","false","false","false","false","","","","1.0","<a href=""/apex/Apttus_Config2__ProductConstraintView?ruleId=a0z7E000019W6BI"" target=""_self""><img src=""/resource/Apttus_Config2__Button_UpdateView"" alt=""Update View"" border=""0""/></a>",""
"a0z7E000019W6BRQA0","0057E000004AesfQAC","false","Include NY Accommodation","CHF","2018-02-07T00:39:50.000Z","0057E000004AesfQAC","2018-02-07T00:39:50.000Z","0057E000004AesfQAC","2018-02-07T00:39:50.000Z","","","true","","If NY has been chosen Campus Multi will be auto-included.","","","false","false","false","false","","","","1.0","<a href=""/apex/Apttus_Config2__ProductConstraintView?ruleId=a0z7E000019W6BR"" target=""_self""><img src=""/resource/Apttus_Config2__Button_UpdateView"" alt=""Update View"" border=""0""/></a>",""
"a0z7E000019W6B0QAK","0057E000004AesfQAC","false","Comparative Quote: Auto Include Course Literature (Business English)","CHF","2018-02-07T00:39:50.000Z","0057E000004AesfQAC","2018-02-07T00:39:50.000Z","0057E000004AesfQAC","2018-02-07T00:39:50.000Z","","","true","","Business English Courses","","","false","false","false","false","","","","2.0","<a href=""/apex/Apttus_Config2__ProductConstraintView?ruleId=a0z7E000019W6B0"" target=""_self""><img src=""/resource/Apttus_Config2__Button_UpdateView"" alt=""Update View"" border=""0""/></a>",""
"a0z7E000019W6BJQA0","0057E000004AesfQAC","false","Include Miami Accommodation","CHF","2018-02-07T00:39:50.000Z","0057E000004AesfQAC","2018-02-07T00:39:50.000Z","0057E000004AesfQAC","2018-02-07T00:39:50.000Z","","","true","","If Destination Miami has been chosen Campus Multi Room will be auto-included.","","","false","false","false","false","","","","1.0","<a href=""/apex/Apttus_Config2__ProductConstraintView?ruleId=a0z7E000019W6BJ"" target=""_self""><img src=""/resource/Apttus_Config2__Button_UpdateView"" alt=""Update View"" border=""0""/></a>",""
"a0z7E000019W6BNQA0","0057E000004AesfQAC","false","Include Brighton Accommodation","CHF","2018-02-07T00:39:50.000Z","0057E000004AesfQAC","2018-02-07T00:39:50.000Z","0057E000004AesfQAC","2018-02-07T00:39:50.000Z","","","true","","When Brighton is being chosen the Campus  will be added as an Optional item.","","","false","false","false","false","","","","1.0","<a href=""/apex/Apttus_Config2__ProductConstraintView?ruleId=a0z7E000019W6BN"" target=""_self""><img src=""/resource/Apttus_Config2__Button_UpdateView"" alt=""Update View"" border=""0""/></a>",""
"a0z7E000019W6BgQAK","0057E000004AesfQAC","false","Auto include TIY for MLY","CHF","2018-02-07T00:39:50.000Z","0057E000004AesfQAC","2018-02-07T00:39:50.000Z","0057E000004AesfQAC","2018-02-07T00:39:50.000Z","","","true","","Every MLY BKN will automatically get the product TIY added","","","false","false","false","false","","","","1.0","<a href=""/apex/Apttus_Config2__ProductConstraintView?ruleId=a0z7E000019W6Bg"" target=""_self""><img src=""/resource/Apttus_Config2__Button_UpdateView"" alt=""Update View"" border=""0""/></a>",""
"a0z7E000019W6B4QAK","0057E000004AesfQAC","false","Junior Course: Add LU5 for GB-BOU if HF has been chosen","CHF","2018-02-07T00:39:50.000Z","0057E000004AesfQAC","2018-02-07T00:39:50.000Z","0057E000004AesfQAC","2018-02-07T00:39:50.000Z","","","true","1 AND 2","For Junior Courses in Bournemouth when staying with a Host Family the Lunch Supplement 5 Days should be auto-included.","","","false","false","false","false","","","","1.0","<a href=""/apex/Apttus_Config2__ProductConstraintView?ruleId=a0z7E000019W6B4"" target=""_self""><img src=""/resource/Apttus_Config2__Button_UpdateView"" alt=""Update View"" border=""0""/></a>",""
"a0z7E000019W6BUQA0","0057E000004AesfQAC","false","Special Diet","CHF","2018-02-07T00:39:50.000Z","0057E000004AesfQAC","2018-02-07T00:39:50.000Z","0057E000004AesfQAC","2018-02-07T00:39:50.000Z","","","true","","If Special Diet is ticked the product ""Special Diet"" needs to be auto-included","","","false","false","false","false","","","","1.0","<a href=""/apex/Apttus_Config2__ProductConstraintView?ruleId=a0z7E000019W6BU"" target=""_self""><img src=""/resource/Apttus_Config2__Button_UpdateView"" alt=""Update View"" border=""0""/></a>",""
"a0z7E000019W6BEQA0","0057E000004AesfQAC","false","Junior Course UK: include TSSR-LHR","CHF","2018-02-07T00:39:50.000Z","0057E000004AesfQAC","2018-02-07T00:39:50.000Z","0057E000004AesfQAC","2018-02-07T00:39:50.000Z","","","true","","For Junior Courses in the UK include TSSR-LHR","","","false","false","false","false","","","","1.0","<a href=""/apex/Apttus_Config2__ProductConstraintView?ruleId=a0z7E000019W6BE"" target=""_self""><img src=""/resource/Apttus_Config2__Button_UpdateView"" alt=""Update View"" border=""0""/></a>",""
"a0z7E000019W6BbQAK","0057E000004AesfQAC","false","Auto-Include Course Literature AY English","CHF","2018-02-07T00:39:50.000Z","0057E000004AesfQAC","2018-02-07T00:39:50.000Z","0057E000004AesfQAC","2018-02-07T00:39:50.000Z","","","true","","","","","false","false","false","false","","","","1.0","<a href=""/apex/Apttus_Config2__ProductConstraintView?ruleId=a0z7E000019W6Bb"" target=""_self""><img src=""/resource/Apttus_Config2__Button_UpdateView"" alt=""Update View"" border=""0""/></a>",""
"a0z7E000019W6B2QAK","0057E000004AesfQAC","false","Auto Include Enrollment Fee","CHF","2018-02-07T00:39:50.000Z","0057E000004AesfQAC","2018-02-07T00:39:50.000Z","0057E000004AesfQAC","2018-02-07T00:39:50.000Z","","","true","","","","","false","false","false","false","","","","1.0","<a href=""/apex/Apttus_Config2__ProductConstraintView?ruleId=a0z7E000019W6B2"" target=""_self""><img src=""/resource/Apttus_Config2__Button_UpdateView"" alt=""Update View"" border=""0""/></a>",""
"a0z7E000019W6AzQAK","0057E000004AesfQAC","false","Auto Include Course Literature -English","CHF","2018-02-07T00:39:50.000Z","0057E000004AesfQAC","2018-02-07T00:39:50.000Z","0057E000004AesfQAC","2018-02-07T00:39:50.000Z","","","true","","","","","false","false","false","false","","","","1.0","<a href=""/apex/Apttus_Config2__ProductConstraintView?ruleId=a0z7E000019W6Az"" target=""_self""><img src=""/resource/Apttus_Config2__Button_UpdateView"" alt=""Update View"" border=""0""/></a>",""
"a0z7E000019W6BdQAK","0057E000004AesfQAC","false","If COLEX present and English Destination add COL","CHF","2018-02-07T00:39:50.000Z","0057E000004AesfQAC","2018-02-07T00:39:50.000Z","0057E000004AesfQAC","2018-02-07T00:39:50.000Z","","","false","","","","","false","false","false","false","","","","1.0","<a href=""/apex/Apttus_Config2__ProductConstraintView?ruleId=a0z7E000019W6Bd"" target=""_self""><img src=""/resource/Apttus_Config2__Button_UpdateView"" alt=""Update View"" border=""0""/></a>",""
"a0z7E000019W6AtQAK","0057E000004AesfQAC","false","Comparative Quote: Fixed Fare will be added if DDP has been chosen","CHF","2018-02-07T00:39:50.000Z","0057E000004AesfQAC","2018-02-07T00:39:50.000Z","0057E000004AesfQAC","2018-02-07T00:39:50.000Z","","","true","","For Comparative quotes - If a DDP has been selected the Fixed Fare product will be added automatically to each Bundle","","","false","false","false","false","","","","1.0","<a href=""/apex/Apttus_Config2__ProductConstraintView?ruleId=a0z7E000019W6At"" target=""_self""><img src=""/resource/Apttus_Config2__Button_UpdateView"" alt=""Update View"" border=""0""/></a>",""
"a0z7E000019W6AxQAK","0057E000004AesfQAC","false","Junior Course in Brisbane - include TSSR-BNE","CHF","2018-02-07T00:39:50.000Z","0057E000004AesfQAC","2018-02-07T00:39:50.000Z","0057E000004AesfQAC","2018-02-07T00:39:50.000Z","","","true","","For Junior Courses in Brisbane include TSSR-BNE","","","false","false","false","false","","","","1.0","<a href=""/apex/Apttus_Config2__ProductConstraintView?ruleId=a0z7E000019W6Ax"" target=""_self""><img src=""/resource/Apttus_Config2__Button_UpdateView"" alt=""Update View"" border=""0""/></a>",""
"a0z7E000019W6AqQAK","0057E000004AesfQAC","false","Transfer for Non-Junior Courses in the UK","CHF","2018-02-07T00:39:50.000Z","0057E000004AesfQAC","2018-02-07T00:39:50.000Z","0057E000004AesfQAC","2018-02-07T00:39:50.000Z","","","true","1 OR 2","Every Non-Junior Course in the UK will have the article TSS-LHR as an optional item (except Manchester)","","","false","false","false","false","","","","1.0","<a href=""/apex/Apttus_Config2__ProductConstraintView?ruleId=a0z7E000019W6Aq"" target=""_self""><img src=""/resource/Apttus_Config2__Button_UpdateView"" alt=""Update View"" border=""0""/></a>",""
"a0z7E000019W6BaQAK","0057E000004AesfQAC","false","Auto-Include Course Literature AY Non-English","CHF","2018-02-07T00:39:50.000Z","0057E000004AesfQAC","2018-02-07T00:39:50.000Z","0057E000004AesfQAC","2018-02-07T00:39:50.000Z","","","true","","","","","false","false","false","false","","","","1.0","<a href=""/apex/Apttus_Config2__ProductConstraintView?ruleId=a0z7E000019W6Ba"" target=""_self""><img src=""/resource/Apttus_Config2__Button_UpdateView"" alt=""Update View"" border=""0""/></a>",""
"a0z7E000019W6ApQAK","0057E000004AesfQAC","false","Comparative Quote: Include Registration Fee","CHF","2018-02-07T00:39:50.000Z","0057E000004AesfQAC","2018-02-07T00:39:50.000Z","0057E000004AesfQAC","2018-02-07T00:39:50.000Z","","","true","","","","","false","false","false","false","","","","","<a href=""/apex/Apttus_Config2__ProductConstraintView?ruleId=a0z7E000019W6Ap"" target=""_self""><img src=""/resource/Apttus_Config2__Button_UpdateView"" alt=""Update View"" border=""0""/></a>",""
"a0z7E000019W6BFQA0","0057E000004AesfQAC","false","Non-Junior: Add TSS-SFO to San Francisco as an optional product","CHF","2018-02-07T00:39:50.000Z","0057E000004AesfQAC","2018-02-07T00:39:50.000Z","0057E000004AesfQAC","2018-02-07T00:39:50.000Z","","","true","","Will be auto-included","","","false","false","false","false","","","","1.0","<a href=""/apex/Apttus_Config2__ProductConstraintView?ruleId=a0z7E000019W6BF"" target=""_self""><img src=""/resource/Apttus_Config2__Button_UpdateView"" alt=""Update View"" border=""0""/></a>",""
"a0z7E000019W6ArQAK","0057E000004AesfQAC","false","Fixed Fare will be added if DDP has been chosen","CHF","2018-02-07T00:39:50.000Z","0057E000004AesfQAC","2018-02-07T00:39:50.000Z","0057E000004AesfQAC","2018-02-07T00:39:50.000Z","","","true","","If a DDP has been selected the Fixed Fare product will be added automatically.","","","false","false","false","false","","","","1.0","<a href=""/apex/Apttus_Config2__ProductConstraintView?ruleId=a0z7E000019W6Ar"" target=""_self""><img src=""/resource/Apttus_Config2__Button_UpdateView"" alt=""Update View"" border=""0""/></a>",""
