Content Type,Currency ISO Code,Detail Page,Export Name of the Option Group,Export Name of the Product,Is Hidden,Is Leaf,Is Picklist,Left,Level,Max Options,Max Total Quantity,Min Options,Min Total Quantity,Modifiable Type,Right,Root Sequence,Sequence,Apttus_Config2__OptionGroupId__r.Name,Apttus_Config2__MaxTotalQuantityExpressionId__r.Field Expression Name,Apttus_Config2__MinTotalQuantityExpressionId__r.Field Expression Name,Apttus_Config2__ParentOptionGroupId__r.Name,Apttus_Config2__ProductAttributeGroupMemberId__r.Group Name,Apttus_Config2__ProductId__r.Product Name,Apttus_Config2__RootOptionGroupId__r.Name
"Options","CHF","","General Fees","Madrid","false","true","false","1.0","0.0","99.0","","0.0","","Fixed","2.0","6.0","0.0","General Fees","","","","","Madrid","General Fees"
"Options","CHF","","General Fees","Vancouver","false","true","false","1.0","0.0","99.0","","0.0","","Fixed","2.0","7.0","0.0","General Fees","","","","","Vancouver","General Fees"
"Options","CHF","","General Fees","Auckland","false","true","false","1.0","0.0","99.0","","0.0","","Fixed","2.0","6.0","0.0","General Fees","","","","","Auckland","General Fees"
"Options","CHF","","General Fees","Clare College","false","true","false","1.0","0.0","99.0","","0.0","","Fixed","2.0","6.0","0.0","General Fees","","","","","Clare College","General Fees"
"Options","CHF","","General Fees","Saint Raphaël","false","true","false","1.0","0.0","99.0","","0.0","","Fixed","2.0","6.0","0.0","General Fees","","","","","Saint Raphaël","General Fees"
"Options","CHF","","General Fees","Chicago","false","true","false","1.0","0.0","99.0","","0.0","","Fixed","2.0","6.0","0.0","General Fees","","","","","Chicago","General Fees"
"Options","CHF","","LT General Fees","LT Course","false","true","false","1.0","0.0","99.0","","0.0","","Fixed","2.0","5.0","0.0","LT General Fees","","","","","LT Course","LT General Fees"
"Options","CHF","","General Fees","San Diego Point Loma","false","true","false","1.0","0.0","99.0","","0.0","","Fixed","2.0","7.0","0.0","General Fees","","","","","San Diego Point Loma","General Fees"
"Options","CHF","","General Fees","Shanghai","false","true","false","1.0","0.0","99.0","","0.0","","Fixed","2.0","6.0","0.0","General Fees","","","","","Shanghai","General Fees"
"Options","CHF","","General Fees","Boston","false","true","false","1.0","0.0","99.0","","0.0","","Fixed","2.0","7.0","0.0","General Fees","","","","","Boston","General Fees"
"Options","CHF","","General Fees","Berlin","false","true","false","1.0","0.0","99.0","","0.0","","Fixed","2.0","8.0","0.0","General Fees","","","","","Berlin","General Fees"
"Options","CHF","","General Fees","Bristol","false","true","false","1.0","0.0","99.0","","0.0","","Fixed","2.0","7.0","0.0","General Fees","","","","","Bristol","General Fees"
"Options","CHF","","LT Course Types","LT Course","false","true","false","1.0","0.0","99.0","","1.0","","Variable","2.0","1.0","0.0","LT Course Types","","","","","LT Course","LT Course Types"
"Options","CHF","","LT Other","LT Course","false","true","false","1.0","0.0","99.0","","0.0","","Variable","2.0","4.0","0.0","LT Other","","","","","LT Course","LT Other"
"Options","CHF","","General Fees","Toronto","false","true","false","1.0","0.0","99.0","","0.0","","Fixed","2.0","6.0","0.0","General Fees","","","","","Toronto","General Fees"
"Options","CHF","","General Fees","Vancouver Island","false","true","false","1.0","0.0","99.0","","0.0","","Fixed","2.0","6.0","0.0","General Fees","","","","","Vancouver Island","General Fees"
"Options","CHF","","LT Insurance","LT Course","false","true","false","1.0","0.0","99.0","","0.0","","Variable","2.0","2.0","0.0","LT Insurance","","","","","LT Course","LT Insurance"
"Options","CHF","","LT Activities","LT Course","false","true","false","1.0","0.0","99.0","","0.0","","Variable","2.0","3.0","0.0","LT Activities","","","","","LT Course","LT Activities"
"Options","CHF","","General Fees","Dublin","false","true","false","1.0","0.0","99.0","","0.0","","Fixed","2.0","6.0","0.0","General Fees","","","","","Dublin","General Fees"
"Options","CHF","","General Fees","Singapore","false","true","false","1.0","0.0","99.0","","0.0","","Fixed","2.0","7.0","0.0","General Fees","","","","","Singapore","General Fees"
"Options","CHF","","General Fees","San Francisco Down Town","false","true","false","1.0","0.0","99.0","","0.0","","Fixed","2.0","7.0","0.0","General Fees","","","","","San Francisco Down Town","General Fees"
"Options","CHF","","General Fees","Seattle","false","true","false","1.0","0.0","99.0","","0.0","","Fixed","2.0","7.0","0.0","General Fees","","","","","Seattle","General Fees"
"Options","CHF","","General Fees","Costa Rica","false","true","false","1.0","0.0","99.0","","0.0","","Fixed","2.0","6.0","0.0","General Fees","","","","","Costa Rica","General Fees"
"Options","CHF","","General Fees","Eastbourne","false","true","false","1.0","0.0","99.0","","0.0","","Fixed","2.0","6.0","0.0","General Fees","","","","","Eastbourne","General Fees"
"Options","CHF","","Sydney UP & Diploma Courses","Sydney","false","true","false","1.0","0.0","1.0","","0.0","","Variable","2.0","2.0","0.0","Sydney UP & Diploma Courses","","","","","Sydney","Sydney UP & Diploma Courses"
"Options","CHF","","Vancouver UP & Diploma Courses","Vancouver","false","true","false","1.0","0.0","1.0","","0.0","","Variable","2.0","2.0","0.0","Vancouver UP & Diploma Courses","","","","","Vancouver","Vancouver UP & Diploma Courses"
"Options","CHF","","Munich UP & Diploma Courses","Munich","false","true","false","1.0","0.0","1.0","","0.0","","Variable","2.0","2.0","0.0","Munich UP & Diploma Courses","","","","","Munich","Munich UP & Diploma Courses"
"Options","CHF","","Paris UP & Diploma Courses","Paris","false","true","false","1.0","0.0","1.0","","0.0","","Variable","2.0","2.0","0.0","Paris UP & Diploma Courses","","","","","Paris","Paris UP & Diploma Courses"
"Options","CHF","","Brighton UP & Diploma Courses","Brighton","false","true","false","1.0","0.0","1.0","","0.0","","Variable","2.0","2.0","0.0","Brighton UP & Diploma Courses","","","","","Brighton","Brighton UP & Diploma Courses"
"Options","CHF","","Bristol UP & Diploma Courses","Bristol","false","true","false","1.0","0.0","1.0","","0.0","","Variable","2.0","2.0","0.0","Bristol UP & Diploma Courses","","","","","Bristol","Bristol UP & Diploma Courses"
"Options","CHF","","Singapore UP & Diploma Courses","Singapore","false","true","false","1.0","0.0","1.0","","0.0","","Variable","2.0","2.0","0.0","Singapore UP & Diploma Courses","","","","","Singapore","Singapore UP & Diploma Courses"
"Options","CHF","","Boston UP and Diploma Courses","Boston","false","true","false","1.0","0.0","1.0","","0.0","","Variable","2.0","2.0","0.0","Boston UP and Diploma Courses","","","","","Boston","Boston UP and Diploma Courses"
"Options","CHF","","Miami UP & Diploma Courses","Miami","false","true","false","1.0","0.0","1.0","","0.0","","Variable","2.0","2.0","0.0","Miami UP & Diploma Courses","","","","","Miami","Miami UP & Diploma Courses"
"Options","CHF","","New York UP & Diploma Courses","New York","false","true","false","1.0","0.0","1.0","","0.0","","Variable","2.0","2.0","0.0","New York UP & Diploma Courses","","","","","New York","New York UP & Diploma Courses"
"Options","CHF","","Santa Barbara UP & Diploma Courses","Santa Barbara","false","true","false","1.0","0.0","1.0","","0.0","","Variable","2.0","2.0","0.0","Santa Barbara UP & Diploma Courses","","","","","Santa Barbara","Santa Barbara UP & Diploma Courses"
"Options","CHF","","San Diego Point Loma UP & Diploma Courses","San Diego Point Loma","false","true","false","1.0","0.0","1.0","","0.0","","Variable","2.0","2.0","0.0","San Diego Point Loma UP & Diploma Courses","","","","","San Diego Point Loma","San Diego Point Loma UP & Diploma Courses"
"Options","CHF","","Seattle UP & Diploma Courses","Seattle","false","true","false","1.0","0.0","1.0","","0.0","","Variable","2.0","2.0","0.0","Seattle UP & Diploma Courses","","","","","Seattle","Seattle UP & Diploma Courses"
"Options","CHF","","San Francisco Down Town UP & Diploma Courses","San Francisco Down Town","false","true","false","1.0","0.0","1.0","","0.0","","Variable","2.0","2.0","0.0","San Francisco Down Town UP & Diploma Courses","","","","","San Francisco Down Town","San Francisco Down Town UP & Diploma Courses"
"Options","CHF","","Cambridge UP & Diploma Courses","Cambridge","false","true","false","1.0","0.0","1.0","","0.0","","Variable","2.0","2.0","0.0","Cambridge UP & Diploma Courses","","","","","Cambridge","Cambridge UP & Diploma Courses"
"Options","CHF","","Vancouver Island Insurance","Vancouver Island","false","true","false","1.0","0.0","99.0","","0.0","","Variable","2.0","3.0","0.0","Vancouver Island Insurance","","","","","Vancouver Island","Vancouver Island Insurance"
"Options","CHF","","General Fees","Manchester","false","true","false","1.0","0.0","99.0","","0.0","","Fixed","2.0","6.0","0.0","General Fees","","","","","Manchester","General Fees"
"Options","CHF","","General Fees","Malaga","false","true","false","1.0","0.0","99.0","","0.0","","Fixed","2.0","6.0","0.0","General Fees","","","","","Malaga","General Fees"
"Options","CHF","","Tokyo Accommodation","Tokyo","false","true","false","1.0","0.0","99.0","","1.0","","Variable","2.0","2.0","0.0","Tokyo Accommodation","","","","","Tokyo","Tokyo Accommodation"
"Options","CHF","","London UP & Diploma Courses","London","false","true","false","1.0","0.0","1.0","","0.0","","Variable","2.0","2.0","0.0","London UP & Diploma Courses","","","","","London","London UP & Diploma Courses"
"Options","CHF","","Oxford UP & Diploma Courses","Oxford","false","true","false","1.0","0.0","1.0","","0.0","","Variable","2.0","2.0","0.0","Oxford UP & Diploma Courses","","","","","Oxford","Oxford UP & Diploma Courses"
"Options","CHF","","Tokyo Other","Tokyo","false","true","false","1.0","0.0","99.0","","0.0","","Variable","2.0","5.0","0.0","Tokyo Other","","","","","Tokyo","Tokyo Other"
"Options","CHF","","Tokyo Travel","Tokyo","false","true","false","1.0","0.0","99.0","","0.0","","Variable","2.0","4.0","0.0","Tokyo Travel","","","","","Tokyo","Tokyo Travel"
"Options","CHF","","Tokyo Insurance","Tokyo","false","true","false","1.0","0.0","99.0","","0.0","","Variable","2.0","3.0","0.0","Tokyo Insurance","","","","","Tokyo","Tokyo Insurance"
"Options","CHF","","Washington D.C. UP & Diploma Courses","Washington D.C.","false","true","false","1.0","0.0","1.0","","0.0","","Variable","2.0","2.0","0.0","Washington D.C. UP & Diploma Courses","","","","","Washington D.C.","Washington D.C. UP & Diploma Courses"
"Options","CHF","","Malta St. Julian's Courses","Malta St. Julian's","false","true","false","1.0","0.0","1.0","","0.0","","Variable","2.0","1.0","0.0","Malta St. Julian's Courses","","","","","Malta St. Julian's","Malta St. Julian's Courses"
"Options","CHF","","Malta St. Julian's Accommodation","Malta St. Julian's","false","true","false","1.0","0.0","99.0","","1.0","","Variable","2.0","2.0","0.0","Malta St. Julian's Accommodation","","","","","Malta St. Julian's","Malta St. Julian's Accommodation"
"Options","CHF","","Malta St. Julian's Other","Malta St. Julian's","false","true","false","1.0","0.0","99.0","","0.0","","Variable","2.0","5.0","0.0","Malta St. Julian's Other","","","","","Malta St. Julian's","Malta St. Julian's Other"
"Options","CHF","","Miami Courses","Miami","false","true","false","1.0","0.0","1.0","","0.0","","Variable","2.0","1.0","0.0","Miami Courses","","","","","Miami","Miami Courses"
"Options","CHF","","Miami Accommodation","Miami","false","true","false","1.0","0.0","99.0","","1.0","","Variable","2.0","3.0","0.0","Miami Accommodation","","","","","Miami","Miami Accommodation"
"Options","CHF","","Miami Insurance","Miami","false","true","false","1.0","0.0","99.0","","0.0","","Variable","2.0","4.0","0.0","Miami Insurance","","","","","Miami","Miami Insurance"
"Options","CHF","","Miami Travel","Miami","false","true","false","1.0","0.0","99.0","","0.0","","Variable","2.0","5.0","0.0","Miami Travel","","","","","Miami","Miami Travel"
"Options","CHF","","Miami Other","Miami","false","true","false","1.0","0.0","99.0","","0.0","","Variable","2.0","6.0","0.0","Miami Other","","","","","Miami","Miami Other"
"Options","CHF","","Oxford Courses","Oxford","false","true","false","1.0","0.0","1.0","","0.0","","Variable","2.0","1.0","0.0","Oxford Courses","","","","","Oxford","Oxford Courses"
"Options","CHF","","Oxford Accommodation","Oxford","false","true","false","1.0","0.0","99.0","","1.0","","Variable","2.0","3.0","0.0","Oxford Accommodation","","","","","Oxford","Oxford Accommodation"
"Options","CHF","","Oxford Insurance","Oxford","false","true","false","1.0","0.0","99.0","","0.0","","Variable","2.0","4.0","0.0","Oxford Insurance","","","","","Oxford","Oxford Insurance"
"Options","CHF","","Oxford Travel","Oxford","false","true","false","1.0","0.0","99.0","","0.0","","Variable","2.0","5.0","0.0","Oxford Travel","","","","","Oxford","Oxford Travel"
"Options","CHF","","Oxford Other","Oxford","false","true","false","1.0","0.0","99.0","","0.0","","Variable","2.0","6.0","0.0","Oxford Other","","","","","Oxford","Oxford Other"
"Options","CHF","","Paris Courses","Paris","false","true","false","1.0","0.0","1.0","","0.0","","Variable","2.0","1.0","0.0","Paris Courses","","","","","Paris","Paris Courses"
"Options","CHF","","Paris Accommodation","Paris","false","true","false","1.0","0.0","99.0","","1.0","","Variable","2.0","3.0","0.0","Paris Accommodation","","","","","Paris","Paris Accommodation"
"Options","CHF","","Paris Insurance","Paris","false","true","false","1.0","0.0","99.0","","0.0","","Variable","2.0","4.0","0.0","Paris Insurance","","","","","Paris","Paris Insurance"
"Options","CHF","","Paris Travel","Paris","false","true","false","1.0","0.0","99.0","","0.0","","Variable","2.0","5.0","0.0","Paris Travel","","","","","Paris","Paris Travel"
"Options","CHF","","Paris Other","Paris","false","true","false","1.0","0.0","99.0","","0.0","","Variable","2.0","6.0","0.0","Paris Other","","","","","Paris","Paris Other"
"Options","CHF","","San Diego Point Loma Courses","San Diego Point Loma","false","true","false","1.0","0.0","1.0","","0.0","","Variable","2.0","1.0","0.0","San Diego Point Loma Courses","","","","","San Diego Point Loma","San Diego Point Loma Courses"
"Options","CHF","","San Diego Point Loma Accommodation","San Diego Point Loma","false","true","false","1.0","0.0","99.0","","1.0","","Variable","2.0","3.0","0.0","San Diego Point Loma Accommodation","","","","","San Diego Point Loma","San Diego Point Loma Accommodation"
"Options","CHF","","San Diego Point Loma Insurance","San Diego Point Loma","false","true","false","1.0","0.0","99.0","","0.0","","Variable","2.0","4.0","0.0","San Diego Point Loma Insurance","","","","","San Diego Point Loma","San Diego Point Loma Insurance"
"Options","CHF","","San Diego Point Loma Travel","San Diego Point Loma","false","true","false","1.0","0.0","99.0","","0.0","","Variable","2.0","5.0","0.0","San Diego Point Loma Travel","","","","","San Diego Point Loma","San Diego Point Loma Travel"
"Options","CHF","","Boston Courses","Boston","false","true","false","1.0","0.0","1.0","","0.0","","Variable","2.0","1.0","0.0","Boston Courses","","","","","Boston","Boston Courses"
"Options","CHF","","Boston Accommodation","Boston","false","true","false","1.0","0.0","99.0","","1.0","","Variable","2.0","3.0","0.0","Boston Accommodation","","","","","Boston","Boston Accommodation"
"Options","CHF","","Boston Insurance","Boston","false","true","false","1.0","0.0","99.0","","0.0","","Variable","2.0","4.0","0.0","Boston Insurance","","","","","Boston","Boston Insurance"
"Options","CHF","","Boston Travel","Boston","false","true","false","1.0","0.0","99.0","","0.0","","Variable","2.0","5.0","0.0","Boston Travel","","","","","Boston","Boston Travel"
"Options","CHF","","Boston Other","Boston","false","true","false","1.0","0.0","99.0","","0.0","","Variable","2.0","6.0","0.0","Boston Other","","","","","Boston","Boston Other"
"Options","CHF","","San Diego Point Loma Other","San Diego Point Loma","false","true","false","1.0","0.0","99.0","","0.0","","Variable","2.0","6.0","0.0","San Diego Point Loma Other","","","","","San Diego Point Loma","San Diego Point Loma Other"
"Options","CHF","","San Francisco Down Town Courses","San Francisco Down Town","false","true","false","1.0","0.0","1.0","","0.0","","Variable","2.0","1.0","0.0","San Francisco Down Town Courses","","","","","San Francisco Down Town","San Francisco Down Town Courses"
"Options","CHF","","San Francisco Down Town Accommodation","San Francisco Down Town","false","true","false","1.0","0.0","99.0","","1.0","","Variable","2.0","3.0","0.0","San Francisco Down Town Accommodation","","","","","San Francisco Down Town","San Francisco Down Town Accommodation"
"Options","CHF","","San Francisco Down Town Insurance","San Francisco Down Town","false","true","false","1.0","0.0","99.0","","0.0","","Variable","2.0","4.0","0.0","San Francisco Down Town Insurance","","","","","San Francisco Down Town","San Francisco Down Town Insurance"
"Options","CHF","","San Francisco Down Town Travel","San Francisco Down Town","false","true","false","1.0","0.0","99.0","","0.0","","Variable","2.0","5.0","0.0","San Francisco Down Town Travel","","","","","San Francisco Down Town","San Francisco Down Town Travel"
"Options","CHF","","San Francisco Down Town Other","San Francisco Down Town","false","true","false","1.0","0.0","99.0","","0.0","","Variable","2.0","6.0","0.0","San Francisco Down Town Other","","","","","San Francisco Down Town","San Francisco Down Town Other"
"Options","CHF","","Santa Barbara Courses","Santa Barbara","false","true","false","1.0","0.0","1.0","","0.0","","Variable","2.0","1.0","0.0","Santa Barbara Courses","","","","","Santa Barbara","Santa Barbara Courses"
"Options","CHF","","Santa Barbara Accommodation","Santa Barbara","false","true","false","1.0","0.0","99.0","","1.0","","Variable","2.0","3.0","0.0","Santa Barbara Accommodation","","","","","Santa Barbara","Santa Barbara Accommodation"
"Options","CHF","","Santa Barbara Insurance","Santa Barbara","false","true","false","1.0","0.0","99.0","","0.0","","Variable","2.0","4.0","0.0","Santa Barbara Insurance","","","","","Santa Barbara","Santa Barbara Insurance"
"Options","CHF","","Santa Barbara Travel","Santa Barbara","false","true","false","1.0","0.0","99.0","","0.0","","Variable","2.0","5.0","0.0","Santa Barbara Travel","","","","","Santa Barbara","Santa Barbara Travel"
"Options","CHF","","Santa Barbara Other","Santa Barbara","false","true","false","1.0","0.0","99.0","","0.0","","Variable","2.0","6.0","0.0","Santa Barbara Other","","","","","Santa Barbara","Santa Barbara Other"
"Options","CHF","","Singapore Courses","Singapore","false","true","false","1.0","0.0","1.0","","0.0","","Variable","2.0","1.0","0.0","Singapore Courses","","","","","Singapore","Singapore Courses"
"Options","CHF","","Singapore Accommodation","Singapore","false","true","false","1.0","0.0","99.0","","1.0","","Variable","2.0","3.0","0.0","Singapore Accommodation","","","","","Singapore","Singapore Accommodation"
"Options","CHF","","Singapore Insurance","Singapore","false","true","false","1.0","0.0","99.0","","0.0","","Variable","2.0","4.0","0.0","Singapore Insurance","","","","","Singapore","Singapore Insurance"
"Options","CHF","","Singapore Travel","Singapore","false","true","false","1.0","0.0","99.0","","0.0","","Variable","2.0","5.0","0.0","Singapore Travel","","","","","Singapore","Singapore Travel"
"Options","CHF","","Singapore Other","Singapore","false","true","false","1.0","0.0","99.0","","0.0","","Variable","2.0","6.0","0.0","Singapore Other","","","","","Singapore","Singapore Other"
"Options","CHF","","Saint Raphaël Courses","Saint Raphaël","false","true","false","1.0","0.0","1.0","","0.0","","Variable","2.0","1.0","0.0","Saint Raphaël Courses","","","","","Saint Raphaël","Saint Raphaël Courses"
"Options","CHF","","Saint Raphaël Accommodation","Saint Raphaël","false","true","false","1.0","0.0","99.0","","1.0","","Variable","2.0","2.0","0.0","Saint Raphaël Accommodation","","","","","Saint Raphaël","Saint Raphaël Accommodation"
"Options","CHF","","Saint Raphaël Insurance","Saint Raphaël","false","true","false","1.0","0.0","99.0","","0.0","","Variable","2.0","3.0","0.0","Saint Raphaël Insurance","","","","","Saint Raphaël","Saint Raphaël Insurance"
"Options","CHF","","Saint Raphaël Travel","Saint Raphaël","false","true","false","1.0","0.0","99.0","","0.0","","Variable","2.0","4.0","0.0","Saint Raphaël Travel","","","","","Saint Raphaël","Saint Raphaël Travel"
"Options","CHF","","Bournemouth Courses","Bournemouth","false","true","false","1.0","0.0","1.0","","0.0","","Variable","2.0","1.0","0.0","Bournemouth Courses","","","","","Bournemouth","Bournemouth Courses"
"Options","CHF","","Bournemouth Accommodation","Bournemouth","false","true","false","1.0","0.0","99.0","","1.0","","Variable","2.0","2.0","0.0","Bournemouth Accommodation","","","","","Bournemouth","Bournemouth Accommodation"
"Options","CHF","","Bournemouth Insurance","Bournemouth","false","true","false","1.0","0.0","99.0","","0.0","","Variable","2.0","3.0","0.0","Bournemouth Insurance","","","","","Bournemouth","Bournemouth Insurance"
"Options","CHF","","Bournemouth Other","Bournemouth","false","true","false","1.0","0.0","99.0","","0.0","","Variable","2.0","5.0","0.0","Bournemouth Other","","","","","Bournemouth","Bournemouth Other"
"Options","CHF","","Brisbane Courses","Brisbane","false","true","false","1.0","0.0","1.0","","0.0","","Variable","2.0","1.0","0.0","Brisbane Courses","","","","","Brisbane","Brisbane Courses"
"Options","CHF","","Brisbane Accommodation","Brisbane","false","true","false","1.0","0.0","99.0","","1.0","","Variable","2.0","2.0","0.0","Brisbane Accommodation","","","","","Brisbane","Brisbane Accommodation"
"Options","CHF","","Brisbane Insurance","Brisbane","false","true","false","1.0","0.0","99.0","","0.0","","Variable","2.0","3.0","0.0","Brisbane Insurance","","","","","Brisbane","Brisbane Insurance"
"Options","CHF","","Brisbane Travel","Brisbane","false","true","false","1.0","0.0","99.0","","0.0","","Variable","2.0","4.0","0.0","Brisbane Travel","","","","","Brisbane","Brisbane Travel"
"Options","CHF","","Brisbane Other","Brisbane","false","true","false","1.0","0.0","99.0","","0.0","","Variable","2.0","5.0","0.0","Brisbane Other","","","","","Brisbane","Brisbane Other"
"Options","CHF","","Bristol Courses","Bristol","false","true","false","1.0","0.0","1.0","","0.0","","Variable","2.0","1.0","0.0","Bristol Courses","","","","","Bristol","Bristol Courses"
"Options","CHF","","Bristol Accommodation","Bristol","false","true","false","1.0","0.0","99.0","","1.0","","Variable","2.0","3.0","0.0","Bristol Accommodation","","","","","Bristol","Bristol Accommodation"
"Options","CHF","","Bristol Insurance","Bristol","false","true","false","1.0","0.0","99.0","","0.0","","Variable","2.0","4.0","0.0","Bristol Insurance","","","","","Bristol","Bristol Insurance"
"Options","CHF","","Bristol Travel","Bristol","false","true","false","1.0","0.0","99.0","","0.0","","Variable","2.0","5.0","0.0","Bristol Travel","","","","","Bristol","Bristol Travel"
"Options","CHF","","Saint Raphaël Other","Saint Raphaël","false","true","false","1.0","0.0","99.0","","0.0","","Variable","2.0","5.0","0.0","Saint Raphaël Other","","","","","Saint Raphaël","Saint Raphaël Other"
"Options","CHF","","Bristol Other","Bristol","false","true","false","1.0","0.0","99.0","","0.0","","Variable","2.0","6.0","0.0","Bristol Other","","","","","Bristol","Bristol Other"
"Options","CHF","","Chicago Courses","Chicago","false","true","false","1.0","0.0","1.0","","0.0","","Variable","2.0","1.0","0.0","Chicago Courses","","","","","Chicago","Chicago Courses"
"Options","CHF","","Chicago Accommodation","Chicago","false","true","false","1.0","0.0","99.0","","1.0","","Variable","2.0","2.0","0.0","Chicago Accommodation","","","","","Chicago","Chicago Accommodation"
"Options","CHF","","Chicago Insurance","Chicago","false","true","false","1.0","0.0","99.0","","0.0","","Variable","2.0","3.0","0.0","Chicago Insurance","","","","","Chicago","Chicago Insurance"
"Options","CHF","","Chicago Travel","Chicago","false","true","false","1.0","0.0","99.0","","0.0","","Variable","2.0","4.0","0.0","Chicago Travel","","","","","Chicago","Chicago Travel"
"Options","CHF","","Chicago Other","Chicago","false","true","false","1.0","0.0","99.0","","0.0","","Variable","2.0","5.0","0.0","Chicago Other","","","","","Chicago","Chicago Other"
"Options","CHF","","Costa Rica Courses","Costa Rica","false","true","false","1.0","0.0","1.0","","0.0","","Variable","2.0","1.0","0.0","Costa Rica Courses","","","","","Costa Rica","Costa Rica Courses"
"Options","CHF","","Costa Rica Accommodation","Costa Rica","false","true","false","1.0","0.0","99.0","","1.0","","Variable","2.0","2.0","0.0","Costa Rica Accommodation","","","","","Costa Rica","Costa Rica Accommodation"
"Options","CHF","","Costa Rica Insurance","Costa Rica","false","true","false","1.0","0.0","99.0","","0.0","","Variable","2.0","3.0","0.0","Costa Rica Insurance","","","","","Costa Rica","Costa Rica Insurance"
"Options","CHF","","Costa Rica Travel","Costa Rica","false","true","false","1.0","0.0","99.0","","0.0","","Variable","2.0","4.0","0.0","Costa Rica Travel","","","","","Costa Rica","Costa Rica Travel"
"Options","CHF","","Costa Rica Other","Costa Rica","false","true","false","1.0","0.0","99.0","","0.0","","Variable","2.0","5.0","0.0","Costa Rica Other","","","","","Costa Rica","Costa Rica Other"
"Options","CHF","","Dublin Courses","Dublin","false","true","false","1.0","0.0","1.0","","0.0","","Variable","2.0","1.0","0.0","Dublin Courses","","","","","Dublin","Dublin Courses"
"Options","CHF","","Dublin Accommodation","Dublin","false","true","false","1.0","0.0","99.0","","1.0","","Variable","2.0","2.0","0.0","Dublin Accommodation","","","","","Dublin","Dublin Accommodation"
"Options","CHF","","Dublin Insurance","Dublin","false","true","false","1.0","0.0","99.0","","0.0","","Variable","2.0","3.0","0.0","Dublin Insurance","","","","","Dublin","Dublin Insurance"
"Options","CHF","","Dublin Travel","Dublin","false","true","false","1.0","0.0","99.0","","0.0","","Variable","2.0","4.0","0.0","Dublin Travel","","","","","Dublin","Dublin Travel"
"Options","CHF","","Dublin Other","Dublin","false","true","false","1.0","0.0","99.0","","0.0","","Variable","2.0","5.0","0.0","Dublin Other","","","","","Dublin","Dublin Other"
"Options","CHF","","Honolulu Accommodation","Honolulu","false","true","false","1.0","0.0","99.0","","1.0","","Variable","2.0","2.0","0.0","Honolulu Accommodation","","","","","Honolulu","Honolulu Accommodation"
"Options","CHF","","Honolulu Insurance","Honolulu","false","true","false","1.0","0.0","99.0","","0.0","","Variable","2.0","3.0","0.0","Honolulu Insurance","","","","","Honolulu","Honolulu Insurance"
"Options","CHF","","Honolulu Travel","Honolulu","false","true","false","1.0","0.0","99.0","","0.0","","Variable","2.0","4.0","0.0","Honolulu Travel","","","","","Honolulu","Honolulu Travel"
"Options","CHF","","Nice Other","Nice","false","true","false","1.0","0.0","99.0","","0.0","","Variable","2.0","5.0","0.0","Nice Other","","","","","Nice","Nice Other"
"Options","CHF","","Perth Courses","Perth","false","true","false","1.0","0.0","1.0","","0.0","","Variable","2.0","1.0","0.0","Perth Courses","","","","","Perth","Perth Courses"
"Options","CHF","","Perth Accommodation","Perth","false","true","false","1.0","0.0","99.0","","1.0","","Variable","2.0","2.0","0.0","Perth Accommodation","","","","","Perth","Perth Accommodation"
"Options","CHF","","Perth Insurance","Perth","false","true","false","1.0","0.0","99.0","","0.0","","Variable","2.0","3.0","0.0","Perth Insurance","","","","","Perth","Perth Insurance"
"Options","CHF","","Perth Travel","Perth","false","true","false","1.0","0.0","99.0","","0.0","","Variable","2.0","4.0","0.0","Perth Travel","","","","","Perth","Perth Travel"
"Options","CHF","","Perth Other","Perth","false","true","false","1.0","0.0","99.0","","0.0","","Variable","2.0","5.0","0.0","Perth Other","","","","","Perth","Perth Other"
"Options","CHF","","Vancouver Island Travel","Vancouver Island","false","true","false","1.0","0.0","99.0","","0.0","","Variable","2.0","4.0","0.0","Vancouver Island Travel","","","","","Vancouver Island","Vancouver Island Travel"
"Options","CHF","","Vancouver Island Other","Vancouver Island","false","true","false","1.0","0.0","99.0","","0.0","","Variable","2.0","5.0","0.0","Vancouver Island Other","","","","","Vancouver Island","Vancouver Island Other"
"Options","CHF","","Vught Courses","Vught","false","true","false","1.0","0.0","1.0","","0.0","","Variable","2.0","1.0","0.0","Vught Courses","","","","","Vught","Vught Courses"
"Options","CHF","","Vught Accommodation","Vught","false","true","false","1.0","0.0","99.0","","1.0","","Variable","2.0","2.0","0.0","Vught Accommodation","","","","","Vught","Vught Accommodation"
"Options","CHF","","Vught Insurance","Vught","false","true","false","1.0","0.0","99.0","","0.0","","Variable","2.0","3.0","0.0","Vught Insurance","","","","","Vught","Vught Insurance"
"Options","CHF","","Vught Travel","Vught","false","true","false","1.0","0.0","99.0","","0.0","","Variable","2.0","4.0","0.0","Vught Travel","","","","","Vught","Vught Travel"
"Options","CHF","","Vught Other","Vught","false","true","false","1.0","0.0","99.0","","0.0","","Variable","2.0","5.0","0.0","Vught Other","","","","","Vught","Vught Other"
"Options","CHF","","Washington D.C. Courses","Washington D.C.","false","true","false","1.0","0.0","1.0","","0.0","","Variable","2.0","1.0","0.0","Washington D.C. Courses","","","","","Washington D.C.","Washington D.C. Courses"
"Options","CHF","","Washington D.C. Accommodation","Washington D.C.","false","true","false","1.0","0.0","99.0","","1.0","","Variable","2.0","3.0","0.0","Washington D.C. Accommodation","","","","","Washington D.C.","Washington D.C. Accommodation"
"Options","CHF","","London Courses","London","false","true","false","1.0","0.0","1.0","","0.0","","Variable","2.0","1.0","0.0","London Courses","","","","","London","London Courses"
"Options","CHF","","London Accommodation","London","false","true","false","1.0","0.0","99.0","","1.0","","Variable","2.0","3.0","0.0","London Accommodation","","","","","London","London Accommodation"
"Options","CHF","","London Insurance","London","false","true","false","1.0","0.0","99.0","","0.0","","Variable","2.0","4.0","0.0","London Insurance","","","","","London","London Insurance"
"Options","CHF","","London Travel","London","false","true","false","1.0","0.0","99.0","","0.0","","Variable","2.0","5.0","0.0","London Travel","","","","","London","London Travel"
"Options","CHF","","London Other","London","false","true","false","1.0","0.0","99.0","","0.0","","Variable","2.0","6.0","0.0","London Other","","","","","London","London Other"
"Options","CHF","","Malta St. Julian's Insurance","Malta St. Julian's","false","true","false","1.0","0.0","99.0","","0.0","","Variable","2.0","3.0","0.0","Malta St. Julian's Insurance","","","","","Malta St. Julian's","Malta St. Julian's Insurance"
"Options","CHF","","Malta St. Julian's Travel","Malta St. Julian's","false","true","false","1.0","0.0","99.0","","0.0","","Variable","2.0","4.0","0.0","Malta St. Julian's Travel","","","","","Malta St. Julian's","Malta St. Julian's Travel"
"Options","CHF","","Honolulu Courses","Honolulu","false","true","false","1.0","0.0","1.0","","0.0","","Variable","2.0","1.0","0.0","Honolulu Courses","","","","","Honolulu","Honolulu Courses"
"Options","CHF","","General Fees","Brighton","false","true","false","1.0","0.0","99.0","","0.0","","Fixed","2.0","7.0","0.0","General Fees","","","","","Brighton","General Fees"
"Options","CHF","","General Fees","Oxford","false","true","false","1.0","0.0","99.0","","0.0","","Fixed","2.0","7.0","0.0","General Fees","","","","","Oxford","General Fees"
"Options","CHF","","General Fees","Anvers","false","true","false","1.0","0.0","99.0","","0.0","","Fixed","2.0","6.0","0.0","General Fees","","","","","Anvers","General Fees"
"Options","CHF","","Honolulu Other","Honolulu","false","true","false","1.0","0.0","99.0","","0.0","","Variable","2.0","5.0","0.0","Honolulu Other","","","","","Honolulu","Honolulu Other"
"Options","CHF","","General Fees","Nice","false","true","false","1.0","0.0","99.0","","0.0","","Fixed","2.0","6.0","0.0","General Fees","","","","","Nice","General Fees"
"Options","CHF","","General Fees","Munich","false","true","false","1.0","0.0","99.0","","0.0","","Fixed","2.0","7.0","0.0","General Fees","","","","","Munich","General Fees"
"Options","CHF","","Berlin Courses","Berlin","false","true","false","1.0","0.0","1.0","","0.0","","Variable","2.0","1.0","0.0","Berlin Courses","","","","","Berlin","Berlin Courses"
"Options","CHF","","Berlin Accommodation","Berlin","false","true","false","1.0","0.0","99.0","","1.0","","Variable","2.0","2.0","0.0","Berlin Accommodation","","","","","Berlin","Berlin Accommodation"
"Options","CHF","","Berlin Insurance","Berlin","false","true","false","1.0","0.0","99.0","","0.0","","Variable","2.0","3.0","0.0","Berlin Insurance","","","","","Berlin","Berlin Insurance"
"Options","CHF","","Berlin Travel","Berlin","false","true","false","1.0","0.0","99.0","","0.0","","Variable","2.0","4.0","0.0","Berlin Travel","","","","","Berlin","Berlin Travel"
"Options","CHF","","Berlin Other","Berlin","false","true","false","1.0","0.0","99.0","","0.0","","Variable","2.0","5.0","0.0","Berlin Other","","","","","Berlin","Berlin Other"
"Options","CHF","","Cambridge Courses","Cambridge","false","true","false","1.0","0.0","1.0","","0.0","","Variable","2.0","1.0","0.0","Cambridge Courses","","","","","Cambridge","Cambridge Courses"
"Options","CHF","","Cambridge Accommodation","Cambridge","false","true","false","1.0","0.0","99.0","","1.0","","Variable","2.0","3.0","0.0","Cambridge Accommodation","","","","","Cambridge","Cambridge Accommodation"
"Options","CHF","","Cambridge Insurance","Cambridge","false","true","false","1.0","0.0","99.0","","0.0","","Variable","2.0","4.0","0.0","Cambridge Insurance","","","","","Cambridge","Cambridge Insurance"
"Options","CHF","","Cambridge Travel","Cambridge","false","true","false","1.0","0.0","99.0","","0.0","","Variable","2.0","5.0","0.0","Cambridge Travel","","","","","Cambridge","Cambridge Travel"
"Options","CHF","","Cambridge Other","Cambridge","false","true","false","1.0","0.0","99.0","","0.0","","Variable","2.0","6.0","0.0","Cambridge Other","","","","","Cambridge","Cambridge Other"
"Options","CHF","","Cape Town Courses","Cape Town","false","true","false","1.0","0.0","1.0","","0.0","","Variable","2.0","1.0","0.0","Cape Town Courses","","","","","Cape Town","Cape Town Courses"
"Options","CHF","","Cape Town Accommodation","Cape Town","false","true","false","1.0","0.0","99.0","","1.0","","Variable","2.0","2.0","0.0","Cape Town Accommodation","","","","","Cape Town","Cape Town Accommodation"
"Options","CHF","","Cape Town Insurance","Cape Town","false","true","false","1.0","0.0","99.0","","0.0","","Variable","2.0","3.0","0.0","Cape Town Insurance","","","","","Cape Town","Cape Town Insurance"
"Options","CHF","","Cape Town Travel","Cape Town","false","true","false","1.0","0.0","99.0","","0.0","","Variable","2.0","4.0","0.0","Cape Town Travel","","","","","Cape Town","Cape Town Travel"
"Options","CHF","","Cape Town Other","Cape Town","false","true","false","1.0","0.0","99.0","","0.0","","Variable","2.0","5.0","0.0","Cape Town Other","","","","","Cape Town","Cape Town Other"
"Options","CHF","","Clare College Courses","Clare College","false","true","false","1.0","0.0","1.0","","0.0","","Variable","2.0","1.0","0.0","Clare College Courses","","","","","Clare College","Clare College Courses"
"Options","CHF","","Clare College Accommodation","Clare College","false","true","false","1.0","0.0","99.0","","1.0","","Variable","2.0","2.0","0.0","Clare College Accommodation","","","","","Clare College","Clare College Accommodation"
"Options","CHF","","Washington D.C. Insurance","Washington D.C.","false","true","false","1.0","0.0","99.0","","0.0","","Variable","2.0","4.0","0.0","Washington D.C. Insurance","","","","","Washington D.C.","Washington D.C. Insurance"
"Options","CHF","","Washington D.C. Travel","Washington D.C.","false","true","false","1.0","0.0","99.0","","0.0","","Variable","2.0","5.0","0.0","Washington D.C. Travel","","","","","Washington D.C.","Washington D.C. Travel"
"Options","CHF","","Washington D.C. Other","Washington D.C.","false","true","false","1.0","0.0","99.0","","0.0","","Variable","2.0","6.0","0.0","Washington D.C. Other","","","","","Washington D.C.","Washington D.C. Other"
"Options","CHF","","Barcelona Accommodation","Barcelona","false","true","false","1.0","0.0","99.0","","1.0","","Variable","2.0","2.0","0.0","Barcelona Accommodation","","","","","Barcelona","Barcelona Accommodation"
"Options","CHF","","Auckland Accommodation","Auckland","false","true","false","1.0","0.0","99.0","","1.0","","Variable","2.0","2.0","0.0","Auckland Accommodation","","","","","Auckland","Auckland Accommodation"
"Options","CHF","","Auckland Other","Auckland","false","true","false","1.0","0.0","99.0","","0.0","","Variable","2.0","5.0","0.0","Auckland Other","","","","","Auckland","Auckland Other"
"Options","CHF","","Auckland Courses","Auckland","false","true","false","1.0","0.0","1.0","","0.0","","Variable","2.0","1.0","0.0","Auckland Courses","","","","","Auckland","Auckland Courses"
"Options","CHF","","Auckland Insurance","Auckland","false","true","false","1.0","0.0","99.0","","0.0","","Variable","2.0","3.0","0.0","Auckland Insurance","","","","","Auckland","Auckland Insurance"
"Options","CHF","","Auckland Travel","Auckland","false","true","false","1.0","0.0","99.0","","0.0","","Variable","2.0","4.0","0.0","Auckland Travel","","","","","Auckland","Auckland Travel"
"Options","CHF","","Tokyo Course","Tokyo","false","true","false","1.0","0.0","1.0","","0.0","","Variable","2.0","1.0","0.0","Tokyo Course","","","","","Tokyo","Tokyo Course"
"Options","CHF","","Bournemouth Travel","Bournemouth","false","true","false","1.0","0.0","99.0","","0.0","","Variable","2.0","4.0","0.0","Bournemouth Travel","","","","","Bournemouth","Bournemouth Travel"
"Options","CHF","","Brighton Accommodation","Brighton","false","true","false","1.0","0.0","99.0","","1.0","","Variable","2.0","3.0","0.0","Brighton Accommodation","","","","","Brighton","Brighton Accommodation"
"Options","CHF","","Brighton Insurance","Brighton","false","true","false","1.0","0.0","99.0","","0.0","","Variable","2.0","4.0","0.0","Brighton Insurance","","","","","Brighton","Brighton Insurance"
"Options","CHF","","Brighton Travel","Brighton","false","true","false","1.0","0.0","99.0","","0.0","","Variable","2.0","5.0","0.0","Brighton Travel","","","","","Brighton","Brighton Travel"
"Options","CHF","","Brighton Other","Brighton","false","true","false","1.0","0.0","99.0","","0.0","","Variable","2.0","6.0","0.0","Brighton Other","","","","","Brighton","Brighton Other"
"Options","CHF","","Brighton Courses","Brighton","false","true","false","1.0","0.0","1.0","","0.0","","Variable","2.0","1.0","0.0","Brighton Courses","","","","","Brighton","Brighton Courses"
"Options","CHF","","Barcelona Travel","Barcelona","false","true","false","1.0","0.0","99.0","","0.0","","Variable","2.0","4.0","0.0","Barcelona Travel","","","","","Barcelona","Barcelona Travel"
"Options","CHF","","Barcelona Courses","Barcelona","false","true","false","1.0","0.0","1.0","","0.0","","Variable","2.0","1.0","0.0","Barcelona Courses","","","","","Barcelona","Barcelona Courses"
"Options","CHF","","Barcelona Insurance","Barcelona","false","true","false","1.0","0.0","99.0","","0.0","","Variable","2.0","3.0","0.0","Barcelona Insurance","","","","","Barcelona","Barcelona Insurance"
"Options","CHF","","Barcelona Other","Barcelona","false","true","false","1.0","0.0","99.0","","0.0","","Variable","2.0","5.0","0.0","Barcelona Other","","","","","Barcelona","Barcelona Other"
"Options","CHF","","Rome Courses","Rome","false","true","false","1.0","0.0","1.0","","0.0","","Variable","2.0","1.0","0.0","Rome Courses","","","","","Rome","Rome Courses"
"Options","CHF","","Rome Accommodation","Rome","false","true","false","1.0","0.0","99.0","","1.0","","Variable","2.0","2.0","0.0","Rome Accommodation","","","","","Rome","Rome Accommodation"
"Options","CHF","","Rome Insurance","Rome","false","true","false","1.0","0.0","99.0","","0.0","","Variable","2.0","3.0","0.0","Rome Insurance","","","","","Rome","Rome Insurance"
"Options","CHF","","Rome Travel","Rome","false","true","false","1.0","0.0","99.0","","0.0","","Variable","2.0","4.0","0.0","Rome Travel","","","","","Rome","Rome Travel"
"Options","CHF","","Rome Other","Rome","false","true","false","1.0","0.0","99.0","","0.0","","Variable","2.0","5.0","0.0","Rome Other","","","","","Rome","Rome Other"
"Options","CHF","","Seattle Courses","Seattle","false","true","false","1.0","0.0","1.0","","0.0","","Variable","2.0","1.0","0.0","Seattle Courses","","","","","Seattle","Seattle Courses"
"Options","CHF","","Seattle Accommodation","Seattle","false","true","false","1.0","0.0","99.0","","1.0","","Variable","2.0","3.0","0.0","Seattle Accommodation","","","","","Seattle","Seattle Accommodation"
"Options","CHF","","Clare College Travel","Clare College","false","true","false","1.0","0.0","99.0","","0.0","","Variable","2.0","4.0","0.0","Clare College Travel","","","","","Clare College","Clare College Travel"
"Options","CHF","","Clare College Other","Clare College","false","true","false","1.0","0.0","99.0","","0.0","","Variable","2.0","5.0","0.0","Clare College Other","","","","","Clare College","Clare College Other"
"Options","CHF","","Eastbourne Courses","Eastbourne","false","true","false","1.0","0.0","1.0","","0.0","","Variable","2.0","1.0","0.0","Eastbourne Courses","","","","","Eastbourne","Eastbourne Courses"
"Options","CHF","","Eastbourne Accommodation","Eastbourne","false","true","false","1.0","0.0","99.0","","1.0","","Variable","2.0","2.0","0.0","Eastbourne Accommodation","","","","","Eastbourne","Eastbourne Accommodation"
"Options","CHF","","Eastbourne Insurance","Eastbourne","false","true","false","1.0","0.0","99.0","","0.0","","Variable","2.0","3.0","0.0","Eastbourne Insurance","","","","","Eastbourne","Eastbourne Insurance"
"Options","CHF","","Eastbourne Travel","Eastbourne","false","true","false","1.0","0.0","99.0","","0.0","","Variable","2.0","4.0","0.0","Eastbourne Travel","","","","","Eastbourne","Eastbourne Travel"
"Options","CHF","","Eastbourne Other","Eastbourne","false","true","false","1.0","0.0","99.0","","0.0","","Variable","2.0","5.0","0.0","Eastbourne Other","","","","","Eastbourne","Eastbourne Other"
"Options","CHF","","Madrid Courses","Madrid","false","true","false","1.0","0.0","1.0","","0.0","","Variable","2.0","1.0","0.0","Madrid Courses","","","","","Madrid","Madrid Courses"
"Options","CHF","","Madrid Accommodation","Madrid","false","true","false","1.0","0.0","99.0","","1.0","","Variable","2.0","2.0","0.0","Madrid Accommodation","","","","","Madrid","Madrid Accommodation"
"Options","CHF","","Madrid Insurance","Madrid","false","true","false","1.0","0.0","99.0","","0.0","","Variable","2.0","3.0","0.0","Madrid Insurance","","","","","Madrid","Madrid Insurance"
"Options","CHF","","Madrid Travel","Madrid","false","true","false","1.0","0.0","99.0","","0.0","","Variable","2.0","4.0","0.0","Madrid Travel","","","","","Madrid","Madrid Travel"
"Options","CHF","","Madrid Other","Madrid","false","true","false","1.0","0.0","99.0","","0.0","","Variable","2.0","5.0","0.0","Madrid Other","","","","","Madrid","Madrid Other"
"Options","CHF","","Malaga Courses","Malaga","false","true","false","1.0","0.0","1.0","","0.0","","Variable","2.0","1.0","0.0","Malaga Courses","","","","","Malaga","Malaga Courses"
"Options","CHF","","Clare College Insurance","Clare College","false","true","false","1.0","0.0","99.0","","0.0","","Variable","2.0","3.0","0.0","Clare College Insurance","","","","","Clare College","Clare College Insurance"
"Options","CHF","","Malaga Accommodation","Malaga","false","true","false","1.0","0.0","99.0","","1.0","","Variable","2.0","2.0","0.0","Malaga Accommodation","","","","","Malaga","Malaga Accommodation"
"Options","CHF","","Malaga Insurance","Malaga","false","true","false","1.0","0.0","99.0","","0.0","","Variable","2.0","3.0","0.0","Malaga Insurance","","","","","Malaga","Malaga Insurance"
"Options","CHF","","Malaga Travel","Malaga","false","true","false","1.0","0.0","99.0","","0.0","","Variable","2.0","4.0","0.0","Malaga Travel","","","","","Malaga","Malaga Travel"
"Options","CHF","","Malaga Other","Malaga","false","true","false","1.0","0.0","99.0","","0.0","","Variable","2.0","5.0","0.0","Malaga Other","","","","","Malaga","Malaga Other"
"Options","CHF","","Manchester Courses","Manchester","false","true","false","1.0","0.0","1.0","","0.0","","Variable","2.0","1.0","0.0","Manchester Courses","","","","","Manchester","Manchester Courses"
"Options","CHF","","Manchester Accommodation","Manchester","false","true","false","1.0","0.0","99.0","","1.0","","Variable","2.0","2.0","0.0","Manchester Accommodation","","","","","Manchester","Manchester Accommodation"
"Options","CHF","","Manchester Insurance","Manchester","false","true","false","1.0","0.0","99.0","","0.0","","Variable","2.0","3.0","0.0","Manchester Insurance","","","","","Manchester","Manchester Insurance"
"Options","CHF","","Manchester Travel","Manchester","false","true","false","1.0","0.0","99.0","","0.0","","Variable","2.0","4.0","0.0","Manchester Travel","","","","","Manchester","Manchester Travel"
"Options","CHF","","Manchester Other","Manchester","false","true","false","1.0","0.0","99.0","","0.0","","Variable","2.0","5.0","0.0","Manchester Other","","","","","Manchester","Manchester Other"
"Options","CHF","","Munich Courses","Munich","false","true","false","1.0","0.0","1.0","","0.0","","Variable","2.0","1.0","0.0","Munich Courses","","","","","Munich","Munich Courses"
"Options","CHF","","Munich Accommodation","Munich","false","true","false","1.0","0.0","99.0","","1.0","","Variable","2.0","3.0","0.0","Munich Accommodation","","","","","Munich","Munich Accommodation"
"Options","CHF","","Munich Insurance","Munich","false","true","false","1.0","0.0","99.0","","0.0","","Variable","2.0","4.0","0.0","Munich Insurance","","","","","Munich","Munich Insurance"
"Options","CHF","","Munich Travel","Munich","false","true","false","1.0","0.0","99.0","","0.0","","Variable","2.0","5.0","0.0","Munich Travel","","","","","Munich","Munich Travel"
"Options","CHF","","Munich Other","Munich","false","true","false","1.0","0.0","99.0","","0.0","","Variable","2.0","6.0","0.0","Munich Other","","","","","Munich","Munich Other"
"Options","CHF","","New York Courses","New York","false","true","false","1.0","0.0","1.0","","0.0","","Variable","2.0","1.0","0.0","New York Courses","","","","","New York","New York Courses"
"Options","CHF","","New York Accommodation","New York","false","true","false","1.0","0.0","99.0","","1.0","","Variable","2.0","3.0","0.0","New York Accommodation","","","","","New York","New York Accommodation"
"Options","CHF","","New York insurance","New York","false","true","false","1.0","0.0","99.0","","0.0","","Variable","2.0","4.0","0.0","New York insurance","","","","","New York","New York insurance"
"Options","CHF","","New York Travel","New York","false","true","false","1.0","0.0","99.0","","0.0","","Variable","2.0","5.0","0.0","New York Travel","","","","","New York","New York Travel"
"Options","CHF","","New York Other","New York","false","true","false","1.0","0.0","99.0","","0.0","","Variable","2.0","6.0","0.0","New York Other","","","","","New York","New York Other"
"Options","CHF","","Seattle Insurance","Seattle","false","true","false","1.0","0.0","99.0","","0.0","","Variable","2.0","4.0","0.0","Seattle Insurance","","","","","Seattle","Seattle Insurance"
"Options","CHF","","Seattle Travel","Seattle","false","true","false","1.0","0.0","99.0","","0.0","","Variable","2.0","5.0","0.0","Seattle Travel","","","","","Seattle","Seattle Travel"
"Options","CHF","","Seattle Other","Seattle","false","true","false","1.0","0.0","99.0","","0.0","","Variable","2.0","6.0","0.0","Seattle Other","","","","","Seattle","Seattle Other"
"Options","CHF","","Seoul Courses","Seoul","false","true","false","1.0","0.0","1.0","","0.0","","Variable","2.0","1.0","0.0","Seoul Courses","","","","","Seoul","Seoul Courses"
"Options","CHF","","Seoul Accommodation","Seoul","false","true","false","1.0","0.0","99.0","","1.0","","Variable","2.0","2.0","0.0","Seoul Accommodation","","","","","Seoul","Seoul Accommodation"
"Options","CHF","","Seoul Insurance","Seoul","false","true","false","1.0","0.0","99.0","","0.0","","Variable","2.0","3.0","0.0","Seoul Insurance","","","","","Seoul","Seoul Insurance"
"Options","CHF","","Seoul Travel","Seoul","false","true","false","1.0","0.0","99.0","","0.0","","Variable","2.0","4.0","0.0","Seoul Travel","","","","","Seoul","Seoul Travel"
"Options","CHF","","Seoul Other","Seoul","false","true","false","1.0","0.0","99.0","","0.0","","Variable","2.0","5.0","0.0","Seoul Other","","","","","Seoul","Seoul Other"
"Options","CHF","","Shanghai Courses","Shanghai","false","true","false","1.0","0.0","1.0","","0.0","","Variable","2.0","1.0","0.0","Shanghai Courses","","","","","Shanghai","Shanghai Courses"
"Options","CHF","","Shanghai Accommodation","Shanghai","false","true","false","1.0","0.0","99.0","","1.0","","Variable","2.0","2.0","0.0","Shanghai Accommodation","","","","","Shanghai","Shanghai Accommodation"
"Options","CHF","","Shanghai Insurance","Shanghai","false","true","false","1.0","0.0","99.0","","0.0","","Variable","2.0","3.0","0.0","Shanghai Insurance","","","","","Shanghai","Shanghai Insurance"
"Options","CHF","","Shanghai Travel","Shanghai","false","true","false","1.0","0.0","99.0","","0.0","","Variable","2.0","4.0","0.0","Shanghai Travel","","","","","Shanghai","Shanghai Travel"
"Options","CHF","","Shanghai Other","Shanghai","false","true","false","1.0","0.0","99.0","","0.0","","Variable","2.0","5.0","0.0","Shanghai Other","","","","","Shanghai","Shanghai Other"
"Options","CHF","","Sydney Courses","Sydney","false","true","false","1.0","0.0","1.0","","0.0","","Variable","2.0","1.0","0.0","Sydney Courses","","","","","Sydney","Sydney Courses"
"Options","CHF","","Sydney Accommodation","Sydney","false","true","false","1.0","0.0","99.0","","1.0","","Variable","2.0","3.0","0.0","Sydney Accommodation","","","","","Sydney","Sydney Accommodation"
"Options","CHF","","Sydney Insurance","Sydney","false","true","false","1.0","0.0","99.0","","0.0","","Variable","2.0","4.0","0.0","Sydney Insurance","","","","","Sydney","Sydney Insurance"
"Options","CHF","","Sydney Travel","Sydney","false","true","false","1.0","0.0","99.0","","0.0","","Variable","2.0","5.0","0.0","Sydney Travel","","","","","Sydney","Sydney Travel"
"Options","CHF","","Sydney Other","Sydney","false","true","false","1.0","0.0","99.0","","0.0","","Variable","2.0","6.0","0.0","Sydney Other","","","","","Sydney","Sydney Other"
"Options","CHF","","Anvers Courses","Anvers","false","true","false","1.0","0.0","1.0","","0.0","","Variable","2.0","1.0","0.0","Anvers Courses","","","","","Anvers","Anvers Courses"
"Options","CHF","","Anvers Accommodation","Anvers","false","true","false","1.0","0.0","99.0","","1.0","","Variable","2.0","2.0","0.0","Anvers Accommodation","","","","","Anvers","Anvers Accommodation"
"Options","CHF","","Anvers Insurance","Anvers","false","true","false","1.0","0.0","99.0","","0.0","","Variable","2.0","3.0","0.0","Anvers Insurance","","","","","Anvers","Anvers Insurance"
"Options","CHF","","Anvers Travel","Anvers","false","true","false","1.0","0.0","99.0","","0.0","","Variable","2.0","4.0","0.0","Anvers Travel","","","","","Anvers","Anvers Travel"
"Options","CHF","","Anvers Other","Anvers","false","true","false","1.0","0.0","99.0","","0.0","","Variable","2.0","5.0","0.0","Anvers Other","","","","","Anvers","Anvers Other"
"Options","CHF","","Toronto Courses","Toronto","false","true","false","1.0","0.0","1.0","","0.0","","Variable","2.0","1.0","0.0","Toronto Courses","","","","","Toronto","Toronto Courses"
"Options","CHF","","Toronto Accommodation","Toronto","false","true","false","1.0","0.0","99.0","","1.0","","Variable","2.0","2.0","0.0","Toronto Accommodation","","","","","Toronto","Toronto Accommodation"
"Options","CHF","","Toronto Insurance","Toronto","false","true","false","1.0","0.0","99.0","","0.0","","Variable","2.0","3.0","0.0","Toronto Insurance","","","","","Toronto","Toronto Insurance"
"Options","CHF","","Toronto Travel","Toronto","false","true","false","1.0","0.0","99.0","","0.0","","Variable","2.0","4.0","0.0","Toronto Travel","","","","","Toronto","Toronto Travel"
"Options","CHF","","Toronto Other","Toronto","false","true","false","1.0","0.0","99.0","","0.0","","Variable","2.0","5.0","0.0","Toronto Other","","","","","Toronto","Toronto Other"
"Options","CHF","","Vancouver Courses","Vancouver","false","true","false","1.0","0.0","1.0","","0.0","","Variable","2.0","1.0","0.0","Vancouver Courses","","","","","Vancouver","Vancouver Courses"
"Options","CHF","","Vancouver Accommodation","Vancouver","false","true","false","1.0","0.0","99.0","","1.0","","Variable","2.0","3.0","0.0","Vancouver Accommodation","","","","","Vancouver","Vancouver Accommodation"
"Options","CHF","","Vancouver Insurance","Vancouver","false","true","false","1.0","0.0","99.0","","0.0","","Variable","2.0","4.0","0.0","Vancouver Insurance","","","","","Vancouver","Vancouver Insurance"
"Options","CHF","","Vancouver Travel","Vancouver","false","true","false","1.0","0.0","99.0","","0.0","","Variable","2.0","5.0","0.0","Vancouver Travel","","","","","Vancouver","Vancouver Travel"
"Options","CHF","","Vancouver Other","Vancouver","false","true","false","1.0","0.0","99.0","","0.0","","Variable","2.0","6.0","0.0","Vancouver Other","","","","","Vancouver","Vancouver Other"
"Options","CHF","","Nice Accommodation","Nice","false","true","false","1.0","0.0","99.0","","1.0","","Variable","2.0","2.0","0.0","Nice Accommodation","","","","","Nice","Nice Accommodation"
"Options","CHF","","Nice Insurance","Nice","false","true","false","1.0","0.0","99.0","","0.0","","Variable","2.0","3.0","0.0","Nice Insurance","","","","","Nice","Nice Insurance"
"Options","CHF","","Nice Travel","Nice","false","true","false","1.0","0.0","99.0","","0.0","","Variable","2.0","4.0","0.0","Nice Travel","","","","","Nice","Nice Travel"
"Options","CHF","","Nice Courses","Nice","false","true","false","1.0","0.0","1.0","","0.0","","Variable","2.0","1.0","0.0","Nice Courses","","","","","Nice","Nice Courses"
"Options","CHF","","Vancouver Island Accommodation","Vancouver Island","false","true","false","1.0","0.0","99.0","","1.0","","Variable","2.0","2.0","0.0","Vancouver Island Accommodation","","","","","Vancouver Island","Vancouver Island Accommodation"
"Options","CHF","","General Fees","Miami","false","true","false","1.0","0.0","99.0","","0.0","","Fixed","2.0","7.0","0.0","General Fees","","","","","Miami","General Fees"
"Options","CHF","","General Fees","Cape Town","false","true","false","1.0","0.0","99.0","","0.0","","Fixed","2.0","6.0","0.0","General Fees","","","","","Cape Town","General Fees"
"Options","CHF","","General Fees","London","false","true","false","1.0","0.0","99.0","","0.0","","Fixed","2.0","7.0","0.0","General Fees","","","","","London","General Fees"
"Options","CHF","","General Fees","Barcelona","false","true","false","1.0","0.0","99.0","","0.0","","Fixed","2.0","6.0","0.0","General Fees","","","","","Barcelona","General Fees"
"Options","CHF","","General Fees","Paris","false","true","false","1.0","0.0","99.0","","0.0","","Fixed","2.0","7.0","0.0","General Fees","","","","","Paris","General Fees"
"Options","CHF","","General Fees","Cambridge","false","true","false","1.0","0.0","99.0","","0.0","","Fixed","2.0","7.0","0.0","General Fees","","","","","Cambridge","General Fees"
"Options","CHF","","General Fees","Washington D.C.","false","true","false","1.0","0.0","99.0","","0.0","","Fixed","2.0","7.0","0.0","General Fees","","","","","Washington D.C.","General Fees"
"Options","CHF","","General Fees","Rome","false","true","false","1.0","0.0","99.0","","0.0","","Fixed","2.0","6.0","0.0","General Fees","","","","","Rome","General Fees"
"Options","CHF","","General Fees","Brisbane","false","true","false","1.0","0.0","99.0","","0.0","","Fixed","2.0","6.0","0.0","General Fees","","","","","Brisbane","General Fees"
"Options","CHF","","General Fees","Bournemouth","false","true","false","1.0","0.0","99.0","","0.0","","Fixed","2.0","6.0","0.0","General Fees","","","","","Bournemouth","General Fees"
"Options","CHF","","General Fees","Vught","false","true","false","1.0","0.0","99.0","","0.0","","Fixed","2.0","6.0","0.0","General Fees","","","","","Vught","General Fees"
"Options","CHF","","General Fees","Sydney","false","true","false","1.0","0.0","99.0","","0.0","","Fixed","2.0","7.0","0.0","General Fees","","","","","Sydney","General Fees"
"Options","CHF","","General Fees","Malta St. Julian's","false","true","false","1.0","0.0","99.0","","0.0","","Fixed","2.0","6.0","0.0","General Fees","","","","","Malta St. Julian's","General Fees"
"Options","CHF","","General Fees","Perth","false","true","false","1.0","0.0","99.0","","0.0","","Fixed","2.0","6.0","0.0","General Fees","","","","","Perth","General Fees"
"Options","CHF","","General Fees","Honolulu","false","true","false","1.0","0.0","99.0","","0.0","","Fixed","2.0","6.0","0.0","General Fees","","","","","Honolulu","General Fees"
"Options","CHF","","General Fees","New York","false","true","false","1.0","0.0","99.0","","0.0","","Fixed","2.0","7.0","0.0","General Fees","","","","","New York","General Fees"
"Options","CHF","","General Fees","Santa Barbara","false","true","false","1.0","0.0","99.0","","0.0","","Fixed","2.0","7.0","0.0","General Fees","","","","","Santa Barbara","General Fees"
"Options","CHF","","General Fees","Tokyo","false","true","false","1.0","0.0","99.0","","0.0","","Fixed","2.0","6.0","0.0","General Fees","","","","","Tokyo","General Fees"
"Options","CHF","","General Fees","Seoul","false","true","false","1.0","0.0","99.0","","0.0","","Fixed","2.0","6.0","0.0","General Fees","","","","","Seoul","General Fees"
"Options","CHF","","Vancouver Island Courses","Vancouver Island","false","true","false","1.0","0.0","1.0","","0.0","","Variable","2.0","1.0","0.0","Vancouver Island Courses","","","","","Vancouver Island","Vancouver Island Courses"
